"TestID","FlowID","StepIndex","Priority","Category","Subcategory","EntryPoint","MenuPath","ControlOrButton","ScenarioType","SetupProfile","Preconditions","ActionSteps","ExpectedUIResult","ExpectedGameplayResult","ExpectedFinanceOrStateChange","ExpectedPersistenceResult","ExpectedNotificationOrFeedback","ExpectedSuccessOrProgress","NegativeOrEdgeCondition","PassCriteria","DebugOnly"
"LSOL-0001","FIX-01","1","P0","Setup","Fresh Career Save","F7","F7 > Saving Options > Create new save","Create save","Fixture","FreshCareer","Mechanics are enabled; no conflicting named save uses the chosen name.","Open F7; open Saving Options; select Create new save; enter a unique save name; keep default baseline setup; select Create save.","Difficulty Settings opens for the pending save, then Saving Options returns with the new active save label.","A fresh named save starts with reset world state and no carried-over assets.","Balance equals the chosen starting balance; no owned properties, loans, routes, or missions exist.","A new LSOLSaves .state.ini file becomes the active save target.","Created save {SaveName}.","Successes start from fresh-save progress.","","Pass if the fresh named save is created, activated, and starts cleanly.","No"
"LSOL-0002","FIX-02","1","P1","Setup","Permit Locked Profile","F7","F7 > Saving Options > Create new save","Create save","Fixture","PermitLocked","Mechanics are enabled; a unique save name is available.","Create a new save with Licensing system On, Corridor restriction On, Reputation system On, and no purchased permits.","New save creation finishes with the chosen difficulty flags.","The profile starts in a state where permit, corridor, and reputation gates can be tested.","Selected difficulty flags are stored on the new save.","Difficulty metadata persists on save load.","Created save {SaveName}.","None.","","Pass if the new save stores permit and territory gates in the active metadata.","No"
"LSOL-0003","FIX-03","1","P1","Setup","Office Owner Profile","Office Marker","World > Office Marker > Office Menu","Rent Office or Purchase Office","Fixture","OfficeOwner","FreshCareer exists with enough balance for at least one office action.","Reach an office marker; open the office menu; rent or purchase one office; if rented, activate it.","The office menu reflects rented or owned state and can show active office actions.","Commercial systems become available for the chosen office.","Balance decreases by weekly rent or purchase price.","Office access and active-office state persist after save/load.","Rented {Office}. or Purchased {Office}.; Activated {Office}. Commercial garage capacity is now {N}.","First Office and possibly Company Footprint progress can begin.","","Pass if one office is usable as the active commercial hub for later tests.","No"
"LSOL-0004","FIX-04","1","P1","Setup","Apartment Owner Profile","Apartment Marker","World > Apartment Marker > Apartment Menu","Purchase Apartment","Fixture","ApartmentOwner","FreshCareer or OfficeOwner has enough balance for an apartment purchase.","Reach an apartment marker; open the apartment menu; purchase one apartment; activate it.","The apartment menu reflects owned and active residence state.","Apartment systems and personal garage access become available.","Balance decreases by the apartment purchase price.","Apartment ownership and active-apartment state persist after save/load.","Purchased {Apartment} for {Amount}.; Activated {Apartment}.","Home Base progress can begin.","","Pass if one apartment is active and usable for later personal vehicle tests.","No"
"LSOL-0005","FIX-05","1","P1","Setup","Fleet Owner Profile","Commercial Dealership Marker","World > Commercial Dealership","Purchase Vehicle or Rent Vehicle","Fixture","FleetOwner","OfficeOwner exists with an active office and enough funds for one purchase and one rental.","Open the commercial dealership; buy one eligible company vehicle; switch Acquisition to Rent; rent one eligible vehicle; verify both appear in Garage.","Vehicle & Cargo Type shows dealership actions and both acquired vehicles appear in the garage roster.","The company gains at least one owned and one rented commercial vehicle.","Balance decreases by purchase price and rental upfront cost.","Owned and rented fleet records persist after save/load.","Purchase and rental success messages appear for the selected assets.","Fleet Owner progress can begin if this is the first owned commercial vehicle.","","Pass if the profile contains both owned and rented commercial vehicles for later garage tests.","No"
"LSOL-0006","FIX-06","1","P1","Setup","Loan Active Profile","Bank Marker","World > Bank Marker > Bank Menu","Confirm loan","Fixture","LoanActive","FreshCareer or OfficeOwner exists; no company loan is currently active.","Open a bank; select a valid Loan amount and Repayment term; confirm the loan.","The bank page switches from Weekly company financing offer to Active company loan.","A company loan becomes active.","Balance increases by the approved principal; repayments become scheduled.","Active loan state persists after save/load.","Secured {Amount} from {Bank}. Weekly installment {Installment} for {Weeks} weeks.","No Debt Needed becomes permanently impossible after first loan disbursement.","","Pass if a valid active loan profile exists for repayment and persistence tests.","No"
"LSOL-0007","FIX-07","1","P1","Setup","NPC Company Profile","Office Menu","Office > Hire NPC","Hire NPC","Fixture","NpcCompany","OfficeOwner exists; NPC route limit is above 0; one compatible truck is in the active office garage.","Open Office > Hire NPC; configure at least one valid enabled route with assigned truck and tier; confirm the contract.","Hire NPC menus complete and a contract appears in Manage NPC List.","At least one active NPC route contract exists for runtime tests.","Upfront contract fee is deducted and weekly wages are scheduled.","NPC contract and route draft persist after save/load.","Hired {Tier} NPC with {N} route(s).","First Employee progress can begin.","","Pass if an NPC route contract exists and is ready to run for later tests.","No"
"LSOL-0008","FIX-08","1","P1","Setup","Late Game Empire Profile","Mixed","Cross-system late-game save","Multiple systems","Fixture","LateGameEmpire","A reusable advanced save can be prepared from prior fixtures.","Build one named save with an active office, active apartment, owned and rented commercial vehicles, at least one personal vehicle, one active bank loan, one NPC route, one purchased industry, one warehouse or gas station, mission packs loaded, and visible success progress.","All major surfaces have non-empty data and later tests can be run without extra bootstrap work.","Late-game world state exists across company, finance, territory, mission, and success systems.","Balance, assets, loan, contracts, site ownership, and mission data all differ from a fresh save.","The late-game save can be reloaded repeatedly as the master regression fixture.","System-specific messages appear while building the fixture.","Multiple owned and tracked milestones are already visible for success and persistence tests.","","Pass if one reusable late-game save exists with every major implemented subsystem populated.","No"
"LSOL-0009","F7-01","1","P0","Global Controls","F7 Root","F7","F7 > Game Mod Control","F7; Backspace; Esc","Smoke","FreshCareer","Gameplay is loaded and no other menu is open.","Press F7; inspect the root rows; close with Backspace; reopen and close with Esc.","Game Mod Control opens with Activate, Saving Options, Difficulty Settings, Options, Notifications, conditional Cruise control when applicable, and Close.","No gameplay state changes other than menu visibility.","No finance or world-state change.","None.","Menu opens and closes cleanly with the configured navigation keys.","None.","","Pass if F7 root opens reliably and both close paths return to gameplay without a stuck menu.","No"
"LSOL-0010","F7-02","1","P0","Global Controls","Mechanics Toggle","F7","F7 > Game Mod Control","Activate","Smoke","FreshCareer","F7 root is open.","Toggle Activate Off; press F8; reopen F7; toggle Activate On; press F8 again.","Activate row changes state between On and Off.","Mechanics enable and disable immediately; F8 only opens the company hub while mechanics are enabled.","No finance change.","Mechanics state persists only if saved into the active named save metadata.","Mod mechanics enabled. or Mod mechanics disabled.","None.","F8 should not open the company hub while mechanics are off.","Pass if the toggle changes state and gates tablet access correctly.","No"
"LSOL-0011","F8-01","1","P0","Global Controls","Tablet Open Close","F8","F8 > LSOL OS","F8; Backspace; Esc","Smoke","FreshCareer","Mechanics are enabled and no other menu is open.","Press F8; inspect the title and footer; close with Backspace; reopen and close with Esc.","The tablet opens to LSOL OS with subtitle Company hub and the current balance chrome.","No gameplay state changes beyond menu visibility.","No finance change.","None.","Home footer uses the tablet navigation hint and closes cleanly.","None.","","Pass if the company hub opens on F8 and both close paths return to gameplay.","No"
"LSOL-0012","SAVE-01","1","P0","Save System","Saving Options Root","F7","F7 > Game Mod Control > Saving Options","Saving Options","Smoke","FreshCareer","Mechanics are enabled and F7 is open.","Open Saving Options from Game Mod Control.","Saving Options title and subtitle show the current active save label and rows Create new save, Load save, Delete save, Save game, and Back.","No gameplay state changes.","No finance change.","None.","Saving Options reflects the active named save or Default autosave.","None.","","Pass if the Saving Options page matches the current branch row set and active save label.","No"
"LSOL-0013","SAVE-02","1","P0","Save System","Create Named Save","F7","F7 > Saving Options > Create new save","Create save","Smoke","FreshCareer","A unique save name is available.","Open Create new save; enter a unique name; review Difficulty Settings; select Create save.","Difficulty Settings shows Starting balance, Economy preset, NPC weekly wages, Vehicle fuel, Cargo weight power, Cargo damage, Industry price mechanic, Licensing system, Corridor restriction, Reputation system, Office garage limit, NPC limit at office, NPC route limit, Create save, and Back.","A new named save is created and activated.","Balance is set to the selected starting balance and the world resets for the new save.","The active save path switches to the new LSOLSaves slot.","Created save {SaveName}.","Fresh-save success progress is reset or initialized for the new slot.","","Pass if a new named save can be created from the current setup page and becomes active immediately.","No"
"LSOL-0014","SAVE-03","1","P0","Save System","Save Named Game","F7","F7 > Saving Options","Save game","Persistence","OfficeOwner","A named save is active and contains visible unsaved changes.","Open Saving Options; select Save game.","Saving Options remains stable and the active save label stays unchanged.","Current state is written to the active named save.","No new finance change occurs beyond existing gameplay state.","The active named save file updates on disk.","Saved {SaveName}.","None.","","Pass if Save game writes the active named slot without changing the current state.","No"
"LSOL-0015","SAVE-04","1","P0","Save System","Load Named Game","F7","F7 > Saving Options > Load save","Load save","Persistence","OfficeOwner","At least two named saves exist with visibly different balance or asset state.","Open Load save; select a different slot.","Load save shows the slot list and then returns to Saving Options after the load.","The selected save replaces the current world state.","Balance, assets, and owned-state values switch to the selected slot snapshot.","The selected slot becomes the active save path.","Loaded save {SaveName}.","Saved success progress from the loaded slot becomes visible again.","","Pass if the selected slot fully replaces the current session and becomes the active named save.","No"
"LSOL-0016","WORLD-01","1","P0","World Interaction","Office Marker","Office Marker","World > Office Marker","E","Smoke","OfficeOwner","Player is within office interaction range.","Walk into an office marker; wait for the prompt; press E.","Prompt reads Press E to manage {OfficeName} and the Office menu opens.","Office management becomes available for the targeted office.","No immediate finance change.","None.","Prompt and office menu target the same office.","None.","","Pass if the prompt appears only in range and E opens the correct office menu.","No"
"LSOL-0017","WORLD-02","1","P0","World Interaction","Apartment Marker","Apartment Marker","World > Apartment Marker","E","Smoke","ApartmentOwner","Player is within apartment exterior interaction range.","Walk into an apartment marker; wait for the prompt; press E.","Prompt reads Press E to manage {ApartmentName} and the Apartment menu opens.","Apartment management becomes available for the targeted apartment.","No immediate finance change.","None.","Prompt and apartment menu target the same apartment.","None.","","Pass if the prompt appears only in range and E opens the correct apartment menu.","No"
"LSOL-0018","WORLD-03","1","P0","World Interaction","Bank Marker","Bank Marker","World > Bank Marker","E","Smoke","FreshCareer","Player is within bank interaction range and no other menu is open.","Walk into a bank marker; wait for the prompt; press E.","Prompt reads Press E to review financing at {BankName} and the Bank menu opens with that bank title.","Bank financing UI becomes available for the targeted bank.","No immediate finance change.","None.","Bank prompt and bank menu use the current bank display name.","None.","","Pass if the prompt appears only in range and E opens the correct bank menu.","No"
"LSOL-0019","WORLD-04","1","P0","World Interaction","Industry Marker","Industry Marker","World > Industry Marker","E","Smoke","FreshCareer","Player is within industry interaction range.","Walk into a nearby industry marker; wait for the prompt; press E.","Prompt reads Press E to open the industry tablet and the Industry app opens for the targeted site.","Industry operations become available for the in-range site.","No immediate finance change.","None.","Industry tablet opens for the nearest in-range site only.","None.","","Pass if the prompt appears only in range and E opens the correct industry tablet.","No"
"LSOL-0020","WORLD-05","1","P0","World Interaction","Barrier Gate","World Gate","World > Nearby Gate or Door","E","Smoke","FreshCareer","Player is near a supported barrier model.","Approach a nearby gate or door; wait for the prompt; press the gate interact key.","Prompt reads Press E to open nearby gate/door.","The nearby supported barrier opens by animation or heading change.","No finance change.","None.","Prompt disappears after leaving interaction range.","None.","","Pass if the gate prompt appears only in range and the barrier opens when interacted with.","No"
"LSOL-0021","WORLD-06","1","P0","World Interaction","Commercial Dealership Marker","Commercial Dealership Marker","World > Commercial Dealership","E","Smoke","FleetOwner","Player is within dealership interaction range.","Approach the commercial dealership marker; wait for the prompt; press E.","Prompt reads Press E to browse the commercial dealership and the Vehicle & Cargo Type dealership flow opens.","Commercial vehicle acquisition UI becomes available.","No immediate finance change.","None.","The dealership opens in commercial acquisition context rather than office spawn context.","None.","","Pass if the in-range prompt appears and E opens the commercial dealership flow.","No"
"LSOL-0022","WORLD-07","1","P0","World Interaction","Personal Dealership Marker","Personal Dealership Marker","World > Personal Vehicle Dealership","E","Smoke","ApartmentOwner","Player is within personal dealership interaction range.","Approach the personal dealership marker; wait for the prompt; press E.","Prompt reads Press E to browse the personal vehicle dealership and the Vehicle Dealership menu opens.","Personal vehicle purchase UI becomes available.","No immediate finance change.","None.","The dealership opens in personal vehicle context rather than commercial context.","None.","","Pass if the in-range prompt appears and E opens the personal dealership menu.","No"
"LSOL-0023","FLOW-DELIV","1","P0","End To End","Fresh Save To First Delivery","F7","F7 > Saving Options > Create new save","Create save","Regression","FreshCareer","No named save is active yet.","Create a fresh named save for the delivery smoke flow.","New save creation completes and returns control to gameplay with an active named slot.","The player starts a clean career session ready for manual hauling.","Balance equals the selected starting balance.","The named save becomes active.","Created save {SaveName}.","Successes are at fresh-save baseline.","","Pass if the flow starts from a clean named save.","No"
"LSOL-0024","FLOW-DELIV","2","P0","End To End","Fresh Save To First Delivery","Industry Marker","Industry > Load Product and Unload Cargo","Load Product; Unload Cargo","Gameplay","FreshCareer","A valid cargo vehicle is available and a compatible origin and destination are reachable.","Approach a valid origin site; open the industry tablet; load a compatible product; drive to a valid destination; unload the cargo successfully.","Industry pages show valid load or unload actions and complete without signal loss.","A full manual logistics loop completes with cargo transferred from one site to another.","Company balance changes by the actual delivery profit or cost logic.","If saved now, updated cargo and site stock values persist.","Load or unload status messages appear according to the performed action.","First Delivery progress advances and may unlock immediately if this is the first successful delivery.","","Pass if one full manual delivery can be completed from load to unload on the current branch.","No"
"LSOL-0025","FLOW-DELIV","3","P0","End To End","Fresh Save To First Delivery","F8","F8 > Budget > Cash Summary","Budget tile","Regression","FreshCareer","At least one successful delivery has just completed in the same save.","Open F8; open Budget; inspect Cash Summary and Income Breakdown.","Budget shows current balance, recent net flow, and income data rather than only empty states.","No additional gameplay event occurs.","The completed delivery is reflected in current balance and recent income values.","Budget views reflect the saved delivery after save/load.","Budget pages open normally with updated values.","Success-related delivery progress remains visible in the same save.","","Pass if Budget reflects the completed delivery financially.","No"
"LSOL-0026","FLOW-DELIV","4","P0","End To End","Fresh Save To First Delivery","F8","F8 > Successes","Successes tile","Regression","FreshCareer","At least one successful delivery has just completed in the same save.","Open F8; open Successes; inspect First Delivery and related progress rows.","Successes shows progress and locked or unlocked states with progress text.","No additional gameplay event occurs.","No finance change.","Unlocked or progressed success state persists if the save is written and reloaded.","If this was the first delivery, the unlock toast reads Success unlocked: First Delivery.","First Delivery is unlocked or its progress text advances.","","Pass if Successes reflects the completed delivery with current progress or unlock state.","No"
"LSOL-0027","FLOW-CONTINUE","1","P0","End To End","Office Vehicle Save Load Continue","Office Marker","World > Office Menu","Rent Office or Purchase Office","Regression","OfficeOwner","FreshCareer has enough funds for office access.","Open an office; rent or purchase it; activate it if needed.","Office menu transitions into accessible office actions.","The company gains commercial office access.","Balance decreases by rent or purchase amount.","Office access persists after save/load.","Rented {Office}. or Purchased {Office}.; Activated {Office}.","First Office and possibly Company Footprint progress can advance.","","Pass if the flow establishes an active office on the current save.","No"
"LSOL-0028","FLOW-CONTINUE","2","P0","End To End","Office Vehicle Save Load Continue","Commercial Dealership Marker","World > Commercial Dealership","Purchase Vehicle or Rent Vehicle","Regression","FleetOwner","An active office exists.","Open the commercial dealership; acquire one valid company vehicle; verify it appears in Garage.","Commercial acquisition flow completes and Garage can show the asset.","The company gains a usable commercial vehicle.","Balance decreases by the selected acquisition cost.","Vehicle ownership or rental persists after save/load.","Purchase or rent success text appears for the selected asset.","Fleet Owner may unlock if this is the first owned vehicle.","","Pass if the acquired vehicle becomes available from the active office garage.","No"
"LSOL-0029","FLOW-CONTINUE","3","P0","End To End","Office Vehicle Save Load Continue","Industry Marker","Industry > Load Product and Unload Cargo","Load Product; Unload Cargo","Regression","FleetOwner","An office vehicle is available and a compatible route exists.","Retrieve the vehicle from Garage if needed; complete one manual delivery.","Relevant industry pages and garage flows remain stable through the full trip.","The acquired office vehicle is usable for cargo work.","Company balance changes by the completed delivery result.","Vehicle deployment, cargo state, and delivery result persist if saved.","Delivery-related status messages appear.","Delivery and fleet success progress can advance.","","Pass if the newly acquired office vehicle can complete a delivery successfully.","No"
"LSOL-0030","FLOW-CONTINUE","4","P0","End To End","Office Vehicle Save Load Continue","F7","F7 > Saving Options","Save game; Load save","Persistence","FleetOwner","The office and vehicle state from prior steps exist and are visible.","Save the active named game; leave or alter the scene; reload the same slot.","Saving Options remains stable and loading restores the selected slot.","The office, vehicle roster, and current company state are restored.","Balance and ownership state return to the saved snapshot.","Office access, fleet entries, and save metadata persist.","Saved {SaveName}.; Loaded save {SaveName}.","Any unlocked successes remain unlocked after reload.","","Pass if the saved slot restores the office and fleet state without corruption.","No"
"LSOL-0031","FLOW-CONTINUE","5","P0","End To End","Office Vehicle Save Load Continue","Office Menu or Industry Marker","Office > Garage or Industry > Statistics","Garage; Load Product; Unload Cargo","Regression","FleetOwner","The saved slot from the prior step has been reloaded successfully.","Reopen Garage or an industry page after reload; continue hauling or managing the same vehicle.","Menus reopen normally after reload with current saved state.","Gameplay can continue seamlessly after save/load.","Subsequent finance changes build from the restored balance and assets, not duplicated state.","Continued play can be saved again without new corruption.","Normal gameplay messages continue to appear after reload.","Ongoing success progress continues from the restored state.","","Pass if the player can continue using the restored office and vehicle without reinitialization bugs.","No"
"LSOL-0032","FLOW-LOAN","1","P1","End To End","Bank Loan Loop","Bank Marker","Bank > Weekly company financing offer","Loan amount; Repayment term; Confirm loan","Regression","LoanActive","No active loan exists and a bank is reachable.","Open a bank; adjust Loan amount and Repayment term; confirm the loan.","The bank offer page shows preview rows and then switches to the active-loan summary.","A company loan is created at the selected bank and term.","Balance increases by the selected principal.","Active-loan data persists after save/load.","Secured {Amount} from {Bank}. Weekly installment {Installment} for {Weeks} weeks.","No Debt Needed becomes permanently blocked after the first accepted loan.","","Pass if a loan can be accepted from the current bank offer UI and becomes active immediately.","No"
"LSOL-0033","FLOW-LOAN","2","P1","End To End","Bank Loan Loop","Gameplay","Weekly time progression","In-game time progression","Regression","LoanActive","An active company loan exists.","Advance in-game time through at least one due week.","Loan feedback appears during weekly processing and the Bank page updates accordingly.","The active loan remains in force and progresses toward repayment.","Balance decreases by the weekly installment amount.","Weeks paid and remaining balance persist after saving.","Paid weekly loan installment to {Bank}: {Amount}. {Remaining} remaining over {Weeks} week(s).","Loan history contributes to budget bills and repayment categories.","","Pass if weekly repayment processing occurs once per due week and updates the active loan.","No"
"LSOL-0034","FLOW-LOAN","3","P1","End To End","Bank Loan Loop","F7 and Bank Marker","F7 > Saving Options; Bank > Active company loan","Save game; Load save; Close","Persistence","LoanActive","An active loan with at least one repayment already processed exists.","Save the current named game; reload it; reopen any bank.","The bank opens directly into the Active company loan summary rather than an offer page.","The same loan continues after reload.","Remaining balance, weeks remaining, and next due week stay consistent with the saved snapshot.","Loan persistence survives save/load without duplicating payments.","Loaded save {SaveName}.","No Debt Needed stays locked or blocked after the earlier loan event.","","Pass if the active loan summary after reload exactly matches the saved loan state.","No"
"LSOL-0035","FLOW-NPC","1","P1","End To End","Office To NPC Delivery","Office Menu","Office > Hire NPC > Hire New NPC","Hire NPC","Regression","NpcCompany","An active office exists, route limit is above 0, and a compatible garage truck is available.","Open Office > Hire NPC; configure Route Slot, Route Enabled, Starting Point, Destination, Resource, Assigned Truck, Start Trigger, Destination Trigger, and Tier; confirm Hire NPC.","Hire New NPC shows all current selectors and the contract list gains a new entry after confirmation.","An NPC contract begins automated logistics work.","Upfront contract cost is deducted and future wages are scheduled.","NPC contract and route configuration persist after save/load.","Hired {Tier} NPC with {N} route(s).","First Employee progress advances; route-count successes may begin.","","Pass if a valid NPC contract can be created with the current menu stack and selectors.","No"
"LSOL-0036","FLOW-NPC","2","P1","End To End","Office To NPC Delivery","Gameplay","NPC runtime","Live route runtime","Regression","NpcCompany","A valid NPC contract is active.","Let the contract progress through travel, loading, delivery, and payroll windows.","Office UI and notifications remain stable while the route runs.","The NPC loads, delivers, and continues its route chain or returns to office according to current logic.","Balance changes through delivery income and weekly payroll deductions.","Route stats and payroll history persist if the save is written mid-cycle.","Runtime messages such as Preparing route, Loading cargo, Delivering {Commodity}, NPC payroll charged, and NPC unloaded {Tons}t {Commodity} at {Destination}. Earned {Amount}. appear as applicable.","Dispatcher, Logistics Manager, and Hands-Off Income progress can advance.","","Pass if a hired NPC completes deliveries and affects finances on the current branch.","No"
"LSOL-0037","FLOW-NPC","3","P1","End To End","Office To NPC Delivery","Office Menu","Office > Hire NPC > Manage NPC List","Modify NPC; Fire NPC","Regression","NpcCompany","At least one NPC contract exists.","Open Manage NPC List; modify one contract; then fire one contract.","Manage NPC List and NPC Contract action pages open and return cleanly.","Selected contract changes or is removed immediately.","No refund is implied by the UI for firing; payroll stops after removal.","Modified or removed contract state persists after save/load.","Updated NPC route chain to {N} route(s).; Fired NPC on route {Label}.","Dispatcher or route-count progress only changes according to the new live contract count.","","Pass if contract modification and firing both work and leave the roster in a clean state.","No"
"LSOL-0038","FLOW-MISSION","1","P1","End To End","Mission Accept Board","F8","F8 > Missions > Mission Detail","Accept Mission; Cancel Mission","Regression","MissionReady","Mission packs are loaded and at least one mission listing exists.","Open F8 > Missions; inspect the board; open a mission detail page; accept one mission; cancel it from the detail page on a separate run.","Special Missions board shows current listings, badges, and detail rows; detail page shows Availability, Description, Completion, and current action rows.","An accepted mission becomes the active mission; a cancelled mission returns the board to non-active state.","No mission reward is paid on cancel.","Mission availability and counts persist according to saved state.","Special mission accepted: {Name}.; Cancelled special mission: {Name}.","Mission-count successes do not advance on cancel.","","Pass if missions can be browsed, accepted, and cancelled from the tablet detail flow.","No"
"LSOL-0039","FLOW-MISSION","2","P1","End To End","Port Container Handling","F8 and Mission Runtime","F8 > Missions > Port Container Handling","Accept Mission; Interact","Regression","MissionReady","Port Container Handling is available on the current save.","Accept Port Container Handling; complete the handler-trailer objective chain using the mission prompts and Interact where required.","Mission detail and runtime helper prompts advance stage by stage.","The handler-container mission completes only when all current scripted stages are satisfied.","Reward is paid only on successful completion.","Completion count and cooldown persist after save/load.","Objective and helper text includes stage prompts such as Enter the dock handler, Pick up the container, Press Interact to load the container onto the trailer, and Deliver the container.","Special Contractor progress advances on a real completion.","","Pass if the current port mission can be completed end to end with its staged interact flow.","No"
"LSOL-0040","FLOW-MISSION","3","P1","End To End","Quarry Heavy Machinery","F8 and Mission Runtime","F8 > Missions > Quarry Heavy Machinery Haul","Accept Mission","Regression","MissionReady","Quarry Heavy Machinery Haul is available and corridor conditions are satisfied.","Accept Quarry Heavy Machinery Haul; complete trailer pickup, quarry delivery, and cleanup steps.","Mission detail and runtime objective text advance correctly through each stage.","The trailer-delivery mission completes only when the current objective chain is satisfied.","Reward is paid only on successful completion.","Completion count and cooldown persist after save/load.","Objective text progresses through Collect the heavy machinery trailer, Deliver heavy machinery to the quarry, and Clear the quarry area.","Special Contractor progress advances on a real completion.","Without the required corridor, the mission must stay unavailable instead.","Pass if the current quarry mission can be completed end to end on the current branch.","No"
"LSOL-0041","FLOW-MISSION","4","P1","End To End","Mission Reward Cooldown Persistence","F7 and F8","F7 > Saving Options; F8 > Missions","Save game; Load save","Persistence","MissionReady","A special mission has just been completed on the active named save.","Save the game after completion; reload the slot; reopen Missions.","Mission board shows updated badges, completion counts, and cooldown or unavailable detail rather than treating the mission as fresh.","Mission completion state remains applied after reload.","Reward is not paid twice and completion count does not duplicate.","Completion count, cooldown timing, and active-state cleanup persist correctly.","Loaded save {SaveName}.","Special mission count progress remains at the completed total after reload.","","Pass if mission completion data survives reload without double-counting or clearing cooldowns.","No"
"LSOL-0042","F7-03","1","P1","F7 Menu","Difficulty Locked State","F7","F7 > Difficulty Settings","Difficulty Settings","UI","FreshCareer","A named save is active and loaded.","Open F7 > Difficulty Settings on an active named save.","Difficulty Settings subtitle reads as locked by the active save and rows are visible but not mutable.","No gameplay rule changes occur while the page is locked.","No finance change.","The current difficulty flags remain unchanged across save/load.","Difficulty settings are sealed for the active save and remain read-only.","None.","","Pass if the current save cannot change sealed difficulty settings after creation or load.","No"
"LSOL-0043","F7-04","1","P1","F7 Menu","Starting Balance Selector","F7","F7 > Saving Options > Create new save > Difficulty Settings","Starting balance","UI","FreshCareer","Create new save input is open for a pending save name.","Cycle Starting balance left and right through several values before final creation.","The Starting balance row updates its displayed money value.","No world reset occurs until Create save is selected.","Pending starting balance value changes only within the setup page.","The chosen starting balance persists only if Create save is confirmed.","No immediate status message is required while cycling.","None.","","Pass if the selector cycles available starting balances and uses the selected value on save creation.","No"
"LSOL-0044","F7-05","1","P1","F7 Menu","Economy Preset Selector","F7","F7 > Difficulty Settings or New Save Setup","Economy preset","UI","FreshCareer","Difficulty settings are editable in New Save Setup or on an unlocked profile.","Cycle Economy preset left and right and inspect the detail text.","Economy preset caption changes between its supported values and the detail text updates.","Only the economy rule selection changes.","No immediate finance change until gameplay uses the economy rule.","Selected value persists with the created or saved slot when allowed.","No immediate status message is required while cycling.","None.","","Pass if Economy preset cycles correctly and persists when the save records it.","No"
"LSOL-0045","F7-06","1","P1","F7 Menu","NPC Weekly Wages Selector","F7","F7 > Difficulty Settings or New Save Setup","NPC weekly wages","UI","FreshCareer","Difficulty settings are editable in New Save Setup or on an unlocked profile.","Cycle NPC weekly wages left and right and inspect the detail text.","NPC weekly wages caption changes between its supported values and the detail text updates.","Only the weekly wage difficulty selection changes.","No immediate finance change until NPC payroll is processed.","Selected value persists with the created or saved slot when allowed.","No immediate status message is required while cycling.","None.","","Pass if the NPC wage selector cycles correctly and persists when the save records it.","No"
"LSOL-0046","F7-07","1","P1","F7 Menu","Vehicle Fuel Toggle","F7","F7 > Difficulty Settings or New Save Setup","Vehicle fuel","UI","FreshCareer","Difficulty settings are editable in New Save Setup or on an unlocked profile.","Toggle Vehicle fuel on; confirm the checkbox; toggle it off again.","Vehicle fuel checkbox reflects On and Off state changes.","Fuel difficulty behavior is enabled or disabled for later gameplay according to the current state.","No immediate finance change.","Selected state persists with the saved difficulty metadata when applicable.","No immediate status message is required while toggling.","None.","","Pass if Vehicle fuel toggles cleanly and the checkbox state matches the current rule.","No"
"LSOL-0047","F7-08","1","P1","F7 Menu","Cargo Weight Power Toggle","F7","F7 > Difficulty Settings or New Save Setup","Cargo weight power","UI","FreshCareer","Difficulty settings are editable in New Save Setup or on an unlocked profile.","Toggle Cargo weight power on; inspect the checkbox; toggle it off again.","Cargo weight power checkbox reflects On and Off state changes.","Loaded cargo power-loss behavior is enabled or disabled for later gameplay according to the current state.","No immediate finance change.","Selected state persists with the saved difficulty metadata when applicable.","No immediate status message is required while toggling.","None.","","Pass if Cargo weight power toggles cleanly and the checkbox state matches the current rule.","No"
"LSOL-0048","F7-09","1","P1","F7 Menu","Cargo Damage Toggle","F7","F7 > Difficulty Settings or New Save Setup","Cargo damage","UI","FreshCareer","Difficulty settings are editable in New Save Setup or on an unlocked profile.","Toggle Cargo damage on; inspect the checkbox; toggle it off again.","Cargo damage checkbox reflects On and Off state changes.","Cargo damage and loss behavior is enabled or disabled for later gameplay according to the current state.","No immediate finance change.","Selected state persists with the saved difficulty metadata when applicable.","No immediate status message is required while toggling.","None.","","Pass if Cargo damage toggles cleanly and the checkbox state matches the current rule.","No"
"LSOL-0049","F7-10","1","P1","F7 Menu","Industry Price Mechanic Toggle","F7","F7 > Difficulty Settings or New Save Setup","Industry price mechanic","UI","FreshCareer","Difficulty settings are editable in New Save Setup or on an unlocked profile.","Toggle Industry price mechanic on and off.","The checkbox state changes immediately.","Industry purchase pricing behavior follows the current setting in later site-purchase tests.","No immediate finance change.","Selected state persists with the saved difficulty metadata when applicable.","No immediate status message is required while toggling.","None.","","Pass if Industry price mechanic toggles cleanly and the checkbox state matches the current rule.","No"
"LSOL-0050","F7-11","1","P1","F7 Menu","Licensing System Toggle","F7","F7 > Difficulty Settings or New Save Setup","Licensing system","UI","PermitLocked","Difficulty settings are editable in New Save Setup or on an unlocked profile.","Toggle Licensing system on and off.","The checkbox state changes immediately.","Permit gating behavior follows the current setting in later network and hauling tests.","No immediate finance change.","Selected state persists with the saved difficulty metadata when applicable.","No immediate status message is required while toggling.","None.","","Pass if Licensing system toggles cleanly and the checkbox state matches the current rule.","No"
"LSOL-0051","F7-12","1","P1","F7 Menu","Corridor Restriction Toggle","F7","F7 > Difficulty Settings or New Save Setup","Corridor restriction","UI","PermitLocked","Difficulty settings are editable in New Save Setup or on an unlocked profile.","Toggle Corridor restriction on and off.","The checkbox state changes immediately.","Cross-district corridor gating follows the current setting in later territory and mission tests.","No immediate finance change.","Selected state persists with the saved difficulty metadata when applicable.","No immediate status message is required while toggling.","None.","","Pass if Corridor restriction toggles cleanly and the checkbox state matches the current rule.","No"
"LSOL-0052","F7-13","1","P1","F7 Menu","Reputation System Toggle","F7","F7 > Difficulty Settings or New Save Setup","Reputation system","UI","PermitLocked","Difficulty settings are editable in New Save Setup or on an unlocked profile.","Toggle Reputation system on and off.","The checkbox state changes immediately.","District reputation gates, bonuses, penalties, and notices follow the current setting in later tests.","No immediate finance change.","Selected state persists with the saved difficulty metadata when applicable.","No immediate status message is required while toggling.","None.","","Pass if Reputation system toggles cleanly and the checkbox state matches the current rule.","No"
"LSOL-0053","F7-14","1","P1","F7 Menu","Office Garage Limit Toggle","F7","F7 > Difficulty Settings or New Save Setup","Office garage limit","UI","OfficeOwner","Difficulty settings are editable in New Save Setup or on an unlocked profile.","Toggle Office garage limit on and off.","The checkbox state changes immediately.","Garage-capacity enforcement follows the current setting in later office garage tests.","No immediate finance change.","Selected state persists with the saved difficulty metadata when applicable.","No immediate status message is required while toggling.","None.","","Pass if Office garage limit toggles cleanly and the checkbox state matches the current rule.","No"
"LSOL-0054","F7-15","1","P1","F7 Menu","NPC Limit At Office Toggle","F7","F7 > Difficulty Settings or New Save Setup","NPC limit at office","UI","NpcCompany","Difficulty settings are editable in New Save Setup or on an unlocked profile.","Toggle NPC limit at office on and off and inspect the detail text.","The checkbox state changes immediately and the detail text reflects Construction Site Cabin gating.","Construction Site Cabin capacity either gates or does not gate NPC hiring according to the current setting.","No immediate finance change.","Selected state persists with the saved difficulty metadata when applicable.","No immediate status message is required while toggling.","None.","","Pass if NPC limit at office toggles cleanly and the detail text matches the current rule.","No"
"LSOL-0055","F7-16","1","P1","F7 Menu","NPC Route Limit Selector","F7","F7 > Difficulty Settings or New Save Setup","NPC route limit","UI","NpcCompany","Difficulty settings are editable in New Save Setup or on an unlocked profile.","Cycle NPC route limit left and right including 0 and a nonzero value.","The selector updates its displayed route-limit value.","NPC hiring availability follows the current route-limit value in later Hire NPC tests.","No immediate finance change.","Selected state persists with the saved difficulty metadata when applicable.","No immediate status message is required while cycling.","Route limit 0 should disable hiring new NPCs.","Pass if the selector cycles correctly and later gating follows the saved value.","No"
"LSOL-0056","OPT-01","1","P1","Options","Language Selector","F7","F7 > Options","Language","UI","FreshCareer","Mechanics are enabled and Options is reachable.","Open Options; cycle Language left and right; verify visible menu text changes.","Language caption updates and UI text switches to the selected language set, with English fallback behavior where noted.","No gameplay state change.","No finance change.","Selected language persists in save metadata and survives reload.","Language changed to {Language}.","None.","","Pass if language switching changes current UI text and survives save/load.","No"
"LSOL-0057","OPT-02","1","P1","Options","Speed Unit Selector","F7","F7 > Options","Speed unit","UI","FreshCareer","Options menu is open.","Cycle Speed unit between supported values.","Speed unit caption updates between metric and imperial display modes.","Displayed cruise-control and speed-related UI uses the selected unit mode.","No finance change.","Selected speed-unit preference persists in save metadata and survives reload.","Speed unit changed to {Unit}.","None.","","Pass if speed-unit display changes and persists.","No"
"LSOL-0058","OPT-03","1","P1","Options","Colorblind Mode Selector","F7","F7 > Options","Colorblind mode","UI","FreshCareer","Options menu is open.","Cycle Colorblind mode through all available values.","Colorblind mode caption updates through Off, Deuteranopia, Protanopia, and Tritanopia.","Accessible color palette updates for UI rendering.","No finance change.","Selected colorblind mode persists in save metadata and survives reload.","Colorblind mode changed to {Mode}.","None.","","Pass if the selected colorblind mode updates the UI palette and persists.","No"
"LSOL-0059","NOTIF-01","1","P1","Notifications","Office NPC Deliveries Toggle","F7","F7 > Notifications","Office NPC deliveries","Persistence","NpcCompany","A valid NPC contract exists and Notifications is reachable.","Open Notifications; toggle Office NPC deliveries off; run an NPC delivery; toggle the setting on; run another delivery; save and reload once.","Notifications page shows the single current toggle row and Back.","NPC delivery gameplay continues in both states.","No direct finance change from the toggle itself.","The toggle state persists after save/load.","When On, office delivery toasts appear; when Off, those hired-office delivery alerts are suppressed.","NPC success progress continues regardless of toast visibility.","","Pass if the Office NPC deliveries preference changes runtime feedback and persists across reload.","No"
"LSOL-0060","SAVE-05","1","P1","Save System","Save Slot Empty And Delete Rules","F7","F7 > Saving Options > Load save or Delete save","Load save; Delete save","UI","FreshCareer","Run once with no named saves and once with at least one named save, including the active one.","Open Load save with no named saves; verify empty state; create a save; open Delete save; arm deletion with one Enter; confirm with a second Enter; repeat once on the active slot.","Save Slots shows No saves found when empty and shows armed delete detail before final deletion.","Deleting a non-active slot removes that save; deleting the active slot falls back to Default autosave behavior.","No direct finance change.","Deleted slots disappear permanently; active-slot deletion changes the active save target back to the default slot.","No saves found.; Press Enter again to delete {SaveName}.; Deleted save {SaveName}.","Unlocked successes remain with whatever save is loaded next; they do not leak between slots.","","Pass if empty-state, double-confirm delete, and active-slot fallback all behave as implemented.","No"
"LSOL-0061","HOME-01","1","P1","Tablet","Core Home Tiles","F8","F8 > LSOL OS","Company; Budget; Analytics; Successes; Missions","UI","LateGameEmpire","Company hub is open on F8.","Open Company, Budget, Analytics, Successes, and Missions from Home; back out after each.","Each selected tile routes to the correct page and Back returns to LSOL OS.","No gameplay state changes from navigation alone.","No finance change.","None.","Tile routing and Back behavior remain stable.","None.","","Pass if the core information tiles each open the correct app and return cleanly.","No"
"LSOL-0062","HOME-02","1","P1","Tablet","Network Home Tiles","F8","F8 > LSOL OS","Industries; Construction; Permits; Stores; Stations","UI","LateGameEmpire","Company hub is open on F8.","Open Industries, Construction, Permits, Stores, and Stations from Home; back out after each.","Each tile routes to the matching Network subpage and Back returns to LSOL OS.","No gameplay state changes from navigation alone.","No finance change.","None.","Tile routing and Back behavior remain stable.","None.","","Pass if the listed network tiles each open the correct page and return cleanly.","No"
"LSOL-0063","HOME-03","1","P1","Tablet","Operations Home Tiles","F8","F8 > LSOL OS","Services; Dispatch; Market; Site or Sites; Warehouse; Footprint; District View; Depot / Yard; Close","UI","LateGameEmpire","Company hub is open on F8 and at least one site exists nearby for the dynamic Site tile.","Open Services, Dispatch, Market, Site or Sites, Warehouse, Footprint, District View, and Depot / Yard; verify Close exits the hub.","Each tile routes to the current destination; Site changes label according to nearest site presence; Close returns to gameplay.","No gameplay state changes from navigation alone.","No finance change.","None.","Tile routing and Close behavior remain stable.","None.","","Pass if the operational tiles and Close behave according to the current hub implementation.","No"
"LSOL-0064","BUDGET-01","1","P1","Budget App","Cash Summary","F8","F8 > Budget > Cash Summary","Cash Summary","UI","LateGameEmpire","Budget root is reachable and finance history exists.","Open Budget; select Cash Summary; inspect values; use Back.","Cash Summary page shows current balance, 24h net, 7d net, known bills, forecast end balance, cash posture, and Back.","No gameplay change.","No finance change.","None.","Budget subpage opens with current values and returns to Budget on Back.","None.","","Pass if Cash Summary renders current data and Back returns to the Budget root.","No"
"LSOL-0065","BUDGET-02","1","P1","Budget App","Expense Breakdown","F8","F8 > Budget > Expense Breakdown","Expense Breakdown","UI","LateGameEmpire","Budget root is reachable.","Open Expense Breakdown; inspect entries or empty state; use Back.","Expense Breakdown shows category totals or No tracked data when empty.","No gameplay change.","No finance change.","None.","Expense Breakdown opens and returns correctly.","None.","","Pass if Expense Breakdown renders current expense categories or the correct empty-state message.","No"
"LSOL-0066","BUDGET-03","1","P1","Budget App","Income Breakdown","F8","F8 > Budget > Income Breakdown","Income Breakdown","UI","LateGameEmpire","Budget root is reachable.","Open Income Breakdown; inspect entries or empty state; use Back.","Income Breakdown shows category totals or No tracked data when empty.","No gameplay change.","No finance change.","None.","Income Breakdown opens and returns correctly.","None.","","Pass if Income Breakdown renders current income categories or the correct empty-state message.","No"
"LSOL-0067","BUDGET-04","1","P1","Budget App","Upcoming Bills","F8","F8 > Budget > Upcoming Bills","Upcoming Bills","UI","LoanActive","Budget root is reachable and at least one bill source may exist.","Open Upcoming Bills on a profile with bills; repeat on a profile with none; use Back.","Upcoming Bills shows queued bills with due timing or No bills queued when empty.","No gameplay change.","No finance change.","None.","Bills page opens and returns correctly.","None.","","Pass if Upcoming Bills shows correct bill or empty-state content and Back returns to Budget.","No"
"LSOL-0068","BUDGET-05","1","P1","Budget App","Weekly Forecast","F8","F8 > Budget > Weekly Forecast","Weekly Forecast","UI","LoanActive","Budget root is reachable and finance history exists.","Open Weekly Forecast; inspect values and forecast posture; use Back.","Weekly Forecast shows current balance, estimated 7d income, known bills, projected balance, lowest expected cash, assumption text, and Back.","No gameplay change.","No finance change.","None.","Forecast page opens and returns correctly.","None.","","Pass if Weekly Forecast renders and describes the current projected cash posture.","No"
"LSOL-0069","BUDGET-06","1","P1","Budget App","Route Profitability","F8","F8 > Budget > Route Profitability","Route Profitability","UI","NpcCompany","Budget root is reachable; run once with NPC routes and once without.","Open Route Profitability on a profile with route history and on one with none; use Back.","Route Profitability shows route rows or No route history when empty.","No gameplay change.","No finance change.","None.","Route page opens and returns correctly.","NPC route profitability supports route-related planning but does not itself unlock anything.","","Pass if Route Profitability shows route metrics or the correct empty state and returns cleanly.","No"
"LSOL-0070","BUDGET-07","1","P1","Budget App","Inventory Value","F8","F8 > Budget > Inventory Value","Inventory Value","UI","LateGameEmpire","Budget root is reachable; run once with valued inventory and once with none.","Open Inventory Value; inspect top locations or commodities; repeat on an empty profile; use Back.","Inventory Value shows total inventory value and top-value lists or No inventory on hand when empty.","No gameplay change.","No finance change.","None.","Inventory page opens and returns correctly.","None.","","Pass if Inventory Value shows valued stock correctly or the correct empty-state message.","No"
"LSOL-0071","AN-01","1","P1","Analytics App","Profit Trend","F8","F8 > Analytics > Profit Trend","Timeframe","UI","LateGameEmpire","Analytics root is reachable and some balance history exists.","Open Profit Trend; change Timeframe left and right; inspect the chart and Back behavior.","Profit Trend shows the current timeframe selector, company balance summary, chart panel, and Back.","No gameplay change.","No finance change.","Selected graph timeframe persists through save/load.","Left/right updates the chart window without leaving the page.","None.","","Pass if Profit Trend renders and the timeframe selector changes the displayed history window.","No"
"LSOL-0072","AN-02","1","P1","Analytics App","Commodity Trend","F8","F8 > Analytics > Commodity Trend","Timeframe; Trend Resource; resource row","UI","LateGameEmpire","Analytics root is reachable and market prices are available.","Open Commodity Trend; change Timeframe; change Trend Resource with left or right; press Enter on a resource row to set the graph target; use Back.","Commodity Trend shows both selectors, a resource list with a TREND tag on the selected commodity, the chart panel, and Back.","No gameplay change.","No finance change.","Selected timeframe and selected trend commodity persist through save/load.","Selectors and resource rows update the graph target without leaving the page.","None.","","Pass if Commodity Trend can change both timeframe and graphed commodity by the current selector and row actions.","No"
"LSOL-0073","AN-03","1","P1","Analytics App","Site Utilization And Storage Fill","F8","F8 > Analytics > Site Utilization or Storage Fill","Timeframe; Site selector","UI","LateGameEmpire","Analytics root is reachable and at least one tracked site exists.","Open Site Utilization; change selectors; then open Storage Fill and change selectors; use Back on both.","Each page shows its current selectors, chart panel, current site summary, and Back; empty messages appear on profiles with no sites.","No gameplay change.","No finance change.","Selected site and timeframe persist through save/load.","Selectors update the graphed site without leaving the page.","None.","","Pass if both site-history pages render and respond to selector changes correctly.","No"
"LSOL-0074","AN-04","1","P1","Analytics App","District Influence And NPC Routes","F8","F8 > Analytics > District Influence or NPC Routes","Enter; Back","UI","LateGameEmpire","Analytics root is reachable; run once with district data and once with active NPC routes.","Open District Influence; inspect rows or empty state; open NPC Routes; inspect rows or empty state; use Back on both.","District Influence and NPC Route Performance open with their current comparison or metric panels and use their defined empty-state messages when data is missing.","No gameplay change.","No finance change.","None.","Analytics subpages open and return correctly.","None.","","Pass if both pages render the current data or the correct empty states and return cleanly.","No"
"LSOL-0075","NET-01","1","P1","Network App","Location Lists And Filters","F8","F8 > Company > Network > Industries, Construction Sites, Stores, Gas Stations, Warehouses","Filter selector; Enter; Back","UI","LateGameEmpire","Network root is reachable; some configured locations exist.","Open Industries and change Filter; repeat on Stores and Gas Stations; open Construction Sites and Warehouses; inspect empty-state behavior where applicable; use Back.","Each list page shows the correct title, subtitle, row set, and filter behavior where implemented; empty states appear when the filtered list is empty.","No gameplay change.","No finance change.","None.","List pages preserve current view state while open.","None.","","Pass if each location list page renders current rows and filter behavior without navigation or selection corruption.","No"
"LSOL-0076","NET-02","1","P1","Network App","Contractor Permits","F8","F8 > Company > Network > Contractor Permits > Contractor Permit","Filter; Purchase Permit; Cancel","Gameplay","PermitLocked","At least one permit-gated site exists.","Open Contractor Permits; change Filter; open a permit-gated site; inspect the confirm page; test Cancel; then purchase a permit on a separate run.","Permit list shows OPEN, PERMIT, or LOCKED state text; confirm page shows Purchase Permit and Cancel; fallback page appears if no site is selected.","Permit ownership changes only after a confirmed purchase.","Balance decreases by the permit price on purchase.","Permit ownership persists after save/load.","Permit purchase flow shows the current site and price and returns cleanly on Cancel.","Permit ownership can unblock later hauling and site access progress.","","Pass if permit listing, confirm, cancel, and purchase all behave according to the current Network flow.","No"
"LSOL-0077","NET-03","1","P1","Network App","Services Dispatch Diagnostics","F8","F8 > Company > Network > Services, Dispatch, Dispatch Diagnostics","Refuel Current Vehicle; Repair Current Vehicle; selectors; Premium Dispatch; Diagnostics filter","UI","LateGameEmpire","Network root is reachable; active vehicle and dispatch data may or may not exist.","Open Services and test both rows in valid contexts; open Dispatch and change Policy, Commodity, District, and Premium Dispatch; open Diagnostics and change its Filter; use Back throughout.","Services shows its two action rows; Dispatch shows headline, selectors, Premium Dispatch, Diagnostics, jobs or No ambient jobs queued; Diagnostics shows summary, Filter, rows or No recent failures or No diagnostics captured.","Service actions affect the current vehicle when valid; dispatch controls only change dispatch preferences and view state.","Service actions may consume resources or money according to their underlying systems; dispatch toggles may later influence premium fees.","Dispatch preferences and diagnostics filter state persist according to saved dispatch metadata where implemented.","Dispatch and diagnostics remain stable while changing selectors and filters.","Emergency Services progress can advance only when an actual service action succeeds.","","Pass if Services, Dispatch, and Dispatch Diagnostics all expose their current controls and states without UI breakage.","No"
"LSOL-0078","NET-04","1","P1","Network App","Market And Resources Price","F8","F8 > Company > Network > Market or Resources Price","Timeframe; Trend Resource; resource row","UI","LateGameEmpire","Network root is reachable and market data exists or can be empty.","Open Market; change Timeframe and Trend Resource; select a highlight row; open Resources Price; repeat selector changes and Enter on a resource row; use Back.","Market shows Market Highlights plus the current chart; Resources Price shows all known prices or No prices available.","No gameplay change.","No finance change.","Selected timeframe and trend commodity persist through save/load.","Selected resource gains the TREND tag and drives the bottom panel graph.","None.","","Pass if both market pages support current selector and row-driven graph targeting behavior.","No"
"LSOL-0079","MAP-01","1","P1","Company Map","Root And Metro Network","F8","F8 > Footprint or Company Map","Footprint; Metro Network; Back","UI","LateGameEmpire","Footprint or Company Map entry is reachable from Home.","Open Company Map; inspect root rows; open Metro Network; move district selection with arrow keys; press Back; then use Back from Company Map.","Company Map shows Balance, Footprint, Metro Network, District View, Depot / Yard, and Back; Metro Network draws the district graph and responds to arrow-key selection.","No gameplay change from viewing.","No finance change.","Company Map state reflects the saved territory snapshot after reload.","Back returns to the prior tablet page or company hub according to entry path.","Reputation-related success inspection is possible from map context but not changed by viewing alone.","","Pass if Company Map root and Metro Network open, navigate, and back out correctly.","No"
"LSOL-0080","MAP-02","1","P1","Company Map","District View And Detail","F8","F8 > Company Map > District View > District Detail","Enter; Back","UI","LateGameEmpire","District data exists.","Open District View; inspect district rows or empty state; open one district detail page; use Back.","District View shows district rows or No districts available; District Detail shows Influence, Network Coverage, Service & Support, local site rows, and Back.","No gameplay change from viewing.","No finance change.","District values shown match the saved territory state after reload.","Back returns from District Detail to District View and from District View to Company Map or hub according to entry path.","None.","","Pass if District View and District Detail render current territory data and back-navigation correctly.","No"
"LSOL-0081","MAP-03","1","P1","Company Map","Depot Yard Support Site Actions","F8","F8 > Company Map > Depot / Yard > Support Site","Lease Site; Buy Site; Assign Crew; Loaders; Mechanics; Guards; Managers","Gameplay","LateGameEmpire","At least one support site is configured; enough funds exist for one action.","Open Depot / Yard; inspect the empty state if applicable; open one support site detail; test Lease Site or Buy Site; test Assign Crew and one staffing row where valid.","Depot / Yard shows support-site rows or No support sites available; support-site detail shows status, lease or buy action, crew, staff rows, district bonus, and Back.","Support-site control, crew, or staffing state changes according to the confirmed action.","Balance changes by lease, buy, or staffing cost where applicable.","Support-site and staffing state persist after save/load.","Action-specific success or block messages appear according to current support-site rules.","Territory and founder-style progress can advance when support-site prerequisites are satisfied elsewhere.","","Pass if support-site detail actions behave according to the current depot-yard implementation.","No"
"LSOL-0082","IND-01","1","P1","Industry Tablet","Main Operations","Industry Marker","F8 > Site or E > Industry","Load Product; Unload Cargo; Refuel; Statistics; Vehicle Spawn; Buy Industry or Open Upgrades; Back","Gameplay","IndustryOwner","Player is in range of a current site and has a cargo vehicle for at least one run.","Open an industry tablet in range; inspect the main page rows; use Back once.","Industry app title changes by site type and the main page shows current actions appropriate to the site type and purchase state.","No action occurs until a row is confirmed.","No finance change from inspection alone.","None.","Signal-loss and site-type messaging remain correct.","None.","","Pass if the main Industry page reflects the current site type, ownership state, and available actions.","No"
"LSOL-0083","IND-02","1","P1","Industry Tablet","Load Unload Stats Upgrades Purchase","Industry Marker","Industry > Load Selection; Unload Mode; Statistics; Industry Upgrades; Buy Industry","Enter; Back","Gameplay","IndustryOwner","Run once on a purchased production site, once on a purchasable site, and once on a warehouse if available.","Open Load Selection and choose a commodity when multiple products exist; open Unload Mode and test both current choices; open Statistics; open Industry Upgrades; open Buy Industry or Buy Warehouse when purchase is still required; trigger Signal unavailable by leaving range on a separate run.","Load Selection shows compatible products or No compatible product; Unload Mode shows Unload Truck Cargo and Unload Omega Only where supported; Statistics shows the legacy scrollable stats panel; Industry Upgrades shows available modules or an unavailable message; Buy Industry shows Purchase Industry and Cancel; leaving range shows Site / Signal unavailable / Industry Signal Lost.","Load and unload actions move cargo when valid; upgrades and purchase only execute when confirmed.","Balance changes only on confirmed upgrades or site purchase.","Site purchase, upgrades, stock, and other industry state persist after save/load.","Action and error messages match the chosen action or signal-loss state.","Industry ownership and cargo-related success progress can advance from real gameplay actions.","","Pass if each current industry subpage opens and behaves according to site type, range, and purchase state.","No"
"LSOL-0084","OFF-01","1","P1","Properties","Office Lifecycle And Worker Model","Office Marker","Office Menu","Rent Office; Purchase Office; Activate Office; Settle Office Arrears; Worker Model","Gameplay","OfficeOwner","One office is available to rent or buy and one arrears state can be produced on a prepared save.","Open office menus in available, active, and arrears states; test rent or purchase; activate an accessible office; settle arrears on an overdue office; on an active office, cycle Worker Model and apply it on foot.","Office menu shows Balance, the office identity row, and state-appropriate action rows; Worker Model appears only on an active, usable office.","Office access, active-office state, arrears state, and worker appearance update according to valid actions.","Balance changes by rent, purchase, or arrears amount.","Office state persists after save/load; worker-model selection is runtime rather than a business asset.","Rented {Office}.; Purchased {Office}.; Activated {Office}. Commercial garage capacity is now {N}.; Settled office rent for {Office}.; Worker switched to {WorkerName}.","First Office, Company Footprint, or Empire progress can advance from office access or ownership.","Changing worker model while in a vehicle must be blocked.","Pass if office-state actions and worker-model application follow the current menu and blocking rules.","No"
"LSOL-0085","OFF-02","1","P1","Properties","Garage And NPC Entry","Office Marker","Office > Garage or Hire NPC","Garage; Hire NPC","Gameplay","OfficeOwner","An active office exists and may have zero or more commercial vehicles and NPC contracts.","Open Garage and inspect empty or populated state; open Hire NPC and inspect root rows or blocker text; return to Office.","Garage shows Active and Reserve summary or No active commercial vehicles; Hire NPC shows Hire New NPC, Manage NPC List, and Close, or current disabled detail when route limit is 0.","No state changes occur from inspection alone.","No finance change.","None.","Current NPC hiring detail reflects route-limit or capacity blockers accurately.","None.","","Pass if both office-entry pages open with the correct current state and can return to the Office menu.","No"
"LSOL-0086","OFF-03","1","P1","Properties","Commercial Garage Actions","Office Marker","Office > Garage > Vehicle","Retrieve Vehicle; Put In Storage; Move To Reserve; Sell Vehicle; End Rent","Gameplay","FleetOwner","An active office exists with at least one owned vehicle and one rented vehicle.","Open Garage; retrieve a stored vehicle; store it again; move one active vehicle to reserve; sell one owned vehicle; end one rental contract.","Commercial Garage and Vehicle action pages show the correct current action rows for the selected asset state.","Vehicle deployment, storage, reserve assignment, sale, and rental closure occur only for valid assets.","Balance changes by sale refund, rental refund, or prior rental billing, as implemented.","Garage roster and owned or rented state persist after save/load.","Retrieved {Vehicle}.; Stored {Vehicle}.; Sold {Vehicle} for {Amount}.; Ended rental for {Vehicle}. Refunded {Amount}.","Fleet Owner, Full Garage, or Company Fleet progress can advance from fleet changes.","NPC-assigned assets are locked from manual control and must not expose these actions.","Pass if commercial garage actions match the current asset state and leave a consistent roster.","No"
"LSOL-0087","OFF-04","1","P1","Properties","Office Objects And Services","Office Marker","Office > Objects and Office service rows","Purchase for {Price}; Enter; Request Diesel Delivery; Refuel Vehicle; Unload Fuel Cargo; Repair Vehicle","Gameplay","OfficeOwner","An active office exists; one run should have no placed modules and another should have a Diesel Tank or Maintenance Bay placed.","Open Objects; inspect catalog or empty state; purchase one object; place it or cancel placement; if a Diesel Tank is placed, use Request Diesel Delivery, Refuel Vehicle, and Unload Fuel Cargo; if a Maintenance Bay is placed, use Repair Vehicle.","Office Objects shows the catalog with Module or Decor captions or No office objects configured; Confirm Purchase shows Purchase for {Price} or Purchase blocked; service rows show current office-tank or maintenance detail.","Purchased objects become pending placement or placed modules; service actions refuel, unload fuel cargo, dispatch refinery delivery, or repair the active office vehicle when valid.","Balance changes by object purchase or diesel delivery cost where applicable.","Placed office objects, tank state, and delivered services persist after save/load where the underlying systems persist them.","Purchased {Object} for {Price}.; Placed {Object}.; Diesel delivery dispatched from {Refinery}.; Refueled {Liters}L from the office diesel tank.; Unloaded {Liters}L of diesel into the office tank.; Maintenance Bay repaired the truck or truck and trailer.","Emergency Services progress can advance when valid service actions succeed.","Blocked purchase or service states must not consume money or remove the pending object.","Pass if office-object purchase, placement, and office-service actions match the current implementation and blocking rules.","No"
"LSOL-0088","APT-01","1","P1","Properties","Apartment Personal Systems","Apartment Marker","Apartment Menu; Personal Garage; Vehicle Dealership","Purchase Apartment; Activate Apartment; Enter Apartment; Personal Garage; Purchase row","Gameplay","ApartmentOwner","One apartment is purchasable and later active; personal vehicle catalog is loaded.","Purchase and activate an apartment on one run; enter and exit it; open Personal Garage; retrieve and store one owned personal vehicle; open Vehicle Dealership and buy one personal vehicle on a valid active-apartment profile.","Apartment menu shows Balance, Purchase Apartment, Activate Apartment, Settle Apartment Arrears, Enter Apartment, and Personal Garage according to state; Personal Garage shows owned vehicles or No personal vehicles owned; Vehicle Dealership shows balance and personal vehicle rows or a catalog error.","Apartment access, entering or exiting, personal vehicle retrieval, storage, and purchase all work according to current apartment rules.","Balance changes by apartment purchase and personal vehicle purchase.","Apartment ownership, active-apartment state, and personal vehicle records persist after save/load.","Purchased {Apartment} for {Amount}.; Activated {Apartment}.; Entered {Apartment}.; Exited {Apartment}.; Retrieved {Vehicle}.; Stored {Vehicle}.; Purchased {Vehicle} for {Amount}.","Home Base progress can advance from apartment access.","Buying a personal vehicle without an active apartment must be blocked by current apartment-system gating.","Pass if apartment lifecycle, interior enter or exit, personal garage, and personal dealership behaviors match the current implementation.","No"
"LSOL-0089","DEAL-01","1","P1","Vehicles","Commercial Dealership Acquisition Modes","Commercial Dealership Marker","Commercial Dealership > Vehicle & Cargo Type","Acquisition; Cargo / Trailer; Truck; Purchase Vehicle; Rent Vehicle","Gameplay","FleetOwner","An active office exists and at least one purchasable or rentable commercial selection is available.","Open the commercial dealership; change Acquisition between Purchase and Rent; change Cargo / Trailer and Truck selections; confirm one purchase on one run and one rental on another; try an invalid selection with no compatible asset.","Vehicle & Cargo Type shows dealership-specific acquisition detail, cargo or trailer selection, truck selection, and Purchase Vehicle or Rent Vehicle action captions according to current mode.","Valid selections add owned or rented vehicles to the company garage; invalid selections do nothing.","Balance decreases by purchase price or rental upfront deposit; no balance change occurs on invalid selection.","Owned and rented vehicles persist according to their saved fleet records after save/load.","Purchase and rental success messages appear for valid selections; invalid selection shows current dealership validation such as Select a truck and or trailer first or Selected truck is not a valid tractor unit.","Fleet Owner and related fleet progress can advance from valid acquisitions.","Rental must be blocked when the current selection has no positive daily rent.","Pass if purchase mode, rent mode, selection detail, and invalid-selection handling all match the current dealership implementation.","No"
"LSOL-0090","BANK-01","1","P1","Banking","Offer Selectors And Active Summary","Bank Marker","Bank > Weekly company financing offer or Active company loan","Loan amount; Repayment term; Close","UI","LoanActive","Run once without an active loan and once with an active loan.","Open a bank with no active loan; cycle Loan amount and Repayment term; inspect all preview rows; then open any bank with an active loan and inspect the summary and Close detail.","Without a loan, the bank page shows Current offer rate, Maximum available, Company balance, Loan amount, Repayment term, Preview principal, Preview locked rate, Preview total, Preview installment, Preview term, Confirm loan, and Close; with a loan, it shows Origin bank, Original principal, Locked interest rate, Total repayment, Remaining balance, Weekly installment, Weeks remaining, Next due week, and Close.","No gameplay change occurs from inspection alone.","No finance change from inspection alone.","Active-loan or offer-state rendering persists after save/load.","The Close detail reflects Return to the world marker on the offer page and the one-active-loan rule on the active summary page.","None.","","Pass if both the offer page and active-loan summary page match the current bank UI exactly.","No"
"LSOL-0091","MSN-01","1","P1","Special Missions","Mission Board And Detail States","F8","F8 > Missions > Mission Detail","Enter; Accept Mission; Cancel Mission; Back","UI","MissionReady","Mission packs are loaded; run once with available listings and once with none if possible.","Open Missions on a profile with packs loaded and on one with no packs; inspect the board, badges, warnings, and detail pages; inspect active, locked, cooldown, or done states where available.","The board shows No mission packs loaded when empty, and otherwise shows mission rows with badges such as LIVE, LOCKED, DONE, COOLDOWN, or xN, plus Mission Pack Warnings when relevant; detail page shows Availability, Description, Completion, and the current action row.","No gameplay change occurs from inspection alone unless Accept or Cancel is selected.","No finance change from inspection alone.","Mission-board state reflects the saved mission catalog and completion history after reload.","Availability detail and badge state match the current listing state.","Special mission progress only changes on real completions, not on inspection.","","Pass if mission board, badges, detail rows, and empty states match the current implementation.","No"
"LSOL-0092","PERSIST-01","1","P1","Persistence","Complex World State Restore","F7","F7 > Saving Options","Save game; Load save","Persistence","LateGameEmpire","A named save contains office, apartment, fleet, loan, NPC, site ownership, mission, success, analytics, and notification state.","Save the active named game; intentionally change world state; reload the saved slot; inspect key systems.","F7 load flow completes normally and major systems reopen with their saved state.","The saved snapshot restores complex business and world progression cleanly.","Balance, fleet, loan, mission, route, staffing, and site values revert to the saved snapshot rather than the post-save changes.","Named save restores property, finance, NPC, mission, analytics, bank, and success metadata together.","Saved {SaveName}.; Loaded save {SaveName}.","Unlocked successes remain unlocked and in-progress successes revert to the saved progress values.","","Pass if the late-game save restores every populated subsystem without duplication, omission, or cross-slot leakage.","No"
"LSOL-0093","SUC-APP","1","P1","Successes","App Root And Progress Display","F8","F8 > Successes","Successes tile; Back","UI","LateGameEmpire","At least one success is locked and one is unlocked, or a fresh save is available for an all-locked baseline.","Open Successes; inspect Progress, icons, progress bars, row detail text, and Back behavior.","Successes shows Progress, unlocked count, LOCK or DONE row icons, unlocked detail text, and Progress: text on locked rows.","No gameplay change.","No finance change.","Unlocked and in-progress success states persist after save/load.","Successes page opens and Back returns to the company hub.","The Progress row count matches the tracker total and unlocked total.","","Pass if the Successes app renders current locked or unlocked state and progress text correctly.","No"
"LSOL-0094","SUC-01","1","P1","Successes","First Paycheck","Gameplay","Success tracker","Earn money","Gameplay","SuccessNearUnlock","Company balance history is below $10,000 on the test profile.","Earn enough money to push HighestCompanyBalanceEver to at least $10,000.","Successes row for First Paycheck changes from LOCK to DONE.","No special gameplay effect beyond the unlock.","HighestCompanyBalanceEver crosses $10,000.","Unlocked state persists after save/load.","Success unlocked: First Paycheck.","First Paycheck unlocks.","","Pass if the success unlocks exactly when the $10,000 threshold is crossed.","No"
"LSOL-0095","SUC-02","1","P1","Successes","Small Operator","Gameplay","Success tracker","Earn money","Gameplay","SuccessNearUnlock","HighestCompanyBalanceEver is below $100,000 on the test profile.","Earn enough money to push HighestCompanyBalanceEver to at least $100,000.","Successes row for Small Operator changes from LOCK to DONE.","No special gameplay effect beyond the unlock.","HighestCompanyBalanceEver crosses $100,000.","Unlocked state persists after save/load.","Success unlocked: Small Operator.","Small Operator unlocks.","","Pass if the success unlocks exactly when the $100,000 threshold is crossed.","No"
"LSOL-0096","SUC-03","1","P1","Successes","Millionaire Hauler","Gameplay","Success tracker","Earn money","Gameplay","SuccessNearUnlock","HighestCompanyBalanceEver is below $1,000,000 on the test profile.","Earn enough money to push HighestCompanyBalanceEver to at least $1,000,000.","Successes row for Millionaire Hauler changes from LOCK to DONE.","No special gameplay effect beyond the unlock.","HighestCompanyBalanceEver crosses $1,000,000.","Unlocked state persists after save/load.","Success unlocked: Millionaire Hauler.","Millionaire Hauler unlocks.","","Pass if the success unlocks exactly when the $1,000,000 threshold is crossed.","No"
"LSOL-0097","SUC-04","1","P1","Successes","Logistics Tycoon","Gameplay","Success tracker","Earn money","Gameplay","SuccessNearUnlock","HighestCompanyBalanceEver is below $10,000,000 on the test profile.","Earn enough money to push HighestCompanyBalanceEver to at least $10,000,000.","Successes row for Logistics Tycoon changes from LOCK to DONE.","No special gameplay effect beyond the unlock.","HighestCompanyBalanceEver crosses $10,000,000.","Unlocked state persists after save/load.","Success unlocked: Logistics Tycoon.","Logistics Tycoon unlocks.","","Pass if the success unlocks exactly when the $10,000,000 threshold is crossed.","No"
"LSOL-0098","SUC-05","1","P1","Successes","MultiMillion Company","Gameplay","Success tracker","Earn money","Gameplay","SuccessNearUnlock","HighestCompanyBalanceEver is below $100,000,000 on the test profile.","Earn enough money to push HighestCompanyBalanceEver to at least $100,000,000.","Successes row for MultiMillion Company changes from LOCK to DONE.","No special gameplay effect beyond the unlock.","HighestCompanyBalanceEver crosses $100,000,000.","Unlocked state persists after save/load.","Success unlocked: MultiMillion Company.","MultiMillion Company unlocks.","","Pass if the success unlocks exactly when the $100,000,000 threshold is crossed.","No"
"LSOL-0099","SUC-06","1","P1","Successes","Self-Made","Gameplay","Success tracker","Earn money before first NPC hire","Gameplay","SuccessNearUnlock","HasEverHiredNpc is false and HighestCompanyBalanceBeforeFirstNpcHire is below $1,000,000.","Earn enough money to push HighestCompanyBalanceBeforeFirstNpcHire to at least $1,000,000 before ever hiring an NPC.","Successes row for Self-Made changes from LOCK to DONE.","No special gameplay effect beyond the unlock.","HighestCompanyBalanceBeforeFirstNpcHire crosses $1,000,000.","Unlocked state persists after save/load.","Success unlocked: Self-Made.","Self-Made unlocks.","","Pass if the success unlocks only when the $1,000,000 pre-NPC threshold is met before any NPC hire.","No"
"LSOL-0100","SUC-07","1","P1","Successes","First Delivery","Gameplay","Success tracker","Complete delivery","Gameplay","SuccessNearUnlock","TotalSuccessfulDeliveries is 0 on the test profile.","Complete one successful delivery.","Successes row for First Delivery changes from LOCK to DONE.","No special gameplay effect beyond the unlock.","TotalSuccessfulDeliveries becomes 1.","Unlocked state persists after save/load.","Success unlocked: First Delivery.","First Delivery unlocks.","","Pass if the success unlocks on the first successful delivery.","No"
"LSOL-0101","SUC-08","1","P1","Successes","Road Veteran","Gameplay","Success tracker","Complete deliveries","Gameplay","SuccessNearUnlock","TotalSuccessfulDeliveries is below 100 on the test profile.","Complete enough successful deliveries to reach 100 total.","Successes row for Road Veteran changes from LOCK to DONE.","No special gameplay effect beyond the unlock.","TotalSuccessfulDeliveries reaches 100.","Unlocked state persists after save/load.","Success unlocked: Road Veteran.","Road Veteran unlocks.","","Pass if the success unlocks exactly at 100 successful deliveries.","No"
"LSOL-0102","SUC-09","1","P1","Successes","Road Legend","Gameplay","Success tracker","Complete deliveries","Gameplay","SuccessNearUnlock","TotalSuccessfulDeliveries is below 1,000 on the test profile.","Complete enough successful deliveries to reach 1,000 total.","Successes row for Road Legend changes from LOCK to DONE.","No special gameplay effect beyond the unlock.","TotalSuccessfulDeliveries reaches 1,000.","Unlocked state persists after save/load.","Success unlocked: Road Legend.","Road Legend unlocks.","","Pass if the success unlocks exactly at 1,000 successful deliveries.","No"
"LSOL-0103","SUC-10","1","P1","Successes","Endless Freight","Gameplay","Success tracker","Complete deliveries","Gameplay","SuccessNearUnlock","TotalSuccessfulDeliveries is below 10,000 on the test profile.","Complete enough successful deliveries to reach 10,000 total.","Successes row for Endless Freight changes from LOCK to DONE.","No special gameplay effect beyond the unlock.","TotalSuccessfulDeliveries reaches 10,000.","Unlocked state persists after save/load.","Success unlocked: Endless Freight.","Endless Freight unlocks.","","Pass if the success unlocks exactly at 10,000 successful deliveries.","No"
"LSOL-0104","SUC-11","1","P1","Successes","Heavy Hauler","Gameplay","Success tracker","Transport tons","Gameplay","SuccessNearUnlock","TotalTransportedTons is below 100t on the test profile.","Deliver enough cargo to push TotalTransportedTons to at least 100t.","Successes row for Heavy Hauler changes from LOCK to DONE.","No special gameplay effect beyond the unlock.","TotalTransportedTons reaches 100t.","Unlocked state persists after save/load.","Success unlocked: Heavy Hauler.","Heavy Hauler unlocks.","","Pass if the success unlocks exactly at 100t transported.","No"
"LSOL-0105","SUC-12","1","P1","Successes","Industrial Backbone","Gameplay","Success tracker","Transport tons","Gameplay","SuccessNearUnlock","TotalTransportedTons is below 1,000t on the test profile.","Deliver enough cargo to push TotalTransportedTons to at least 1,000t.","Successes row for Industrial Backbone changes from LOCK to DONE.","No special gameplay effect beyond the unlock.","TotalTransportedTons reaches 1,000t.","Unlocked state persists after save/load.","Success unlocked: Industrial Backbone.","Industrial Backbone unlocks.","","Pass if the success unlocks exactly at 1,000t transported.","No"
"LSOL-0106","SUC-13","1","P1","Successes","Supply Chain King","Gameplay","Success tracker","Transport tons","Gameplay","SuccessNearUnlock","TotalTransportedTons is below 10,000t on the test profile.","Deliver enough cargo to push TotalTransportedTons to at least 10,000t.","Successes row for Supply Chain King changes from LOCK to DONE.","No special gameplay effect beyond the unlock.","TotalTransportedTons reaches 10,000t.","Unlocked state persists after save/load.","Success unlocked: Supply Chain King.","Supply Chain King unlocks.","","Pass if the success unlocks exactly at 10,000t transported.","No"
"LSOL-0107","SUC-14","1","P1","Successes","First Office","Gameplay","Success tracker","Gain office access","Gameplay","OfficeOwner","No office is owned or rented on the test profile.","Rent or purchase the first office.","Successes row for First Office changes from LOCK to DONE.","No special gameplay effect beyond the unlock.","Office-access count becomes at least 1.","Unlocked state persists after save/load.","Success unlocked: First Office.","First Office unlocks.","","Pass if the success unlocks when the first office becomes accessible.","No"
"LSOL-0108","SUC-15","1","P1","Successes","Company Footprint","Gameplay","Success tracker","Own an office","Gameplay","OfficeOwner","No office is owned on the test profile.","Purchase the first office rather than only renting it.","Successes row for Company Footprint changes from LOCK to DONE.","No special gameplay effect beyond the unlock.","Owned-office count becomes at least 1.","Unlocked state persists after save/load.","Success unlocked: Company Footprint.","Company Footprint unlocks.","","Pass if the success unlocks when the first office is owned, not just rented.","No"
"LSOL-0109","SUC-16","1","P1","Successes","Empire","Gameplay","Success tracker","Own the port office","Gameplay","LateGameEmpire","The port office is not yet owned on the test profile.","Purchase the office whose ID is the tracked port office.","Successes row for Empire changes from LOCK to DONE.","No special gameplay effect beyond the unlock.","Port-office ownership becomes true.","Unlocked state persists after save/load.","Success unlocked: Empire.","Empire unlocks.","","Pass if the success unlocks only when the tracked port office is owned.","No"
"LSOL-0110","SUC-17","1","P1","Successes","Home Base","Gameplay","Success tracker","Gain apartment access","Gameplay","ApartmentOwner","No apartment is owned on the test profile.","Purchase the first apartment.","Successes row for Home Base changes from LOCK to DONE.","No special gameplay effect beyond the unlock.","Apartment-access count becomes at least 1.","Unlocked state persists after save/load.","Success unlocked: Home Base.","Home Base unlocks.","","Pass if the success unlocks when the first apartment becomes accessible.","No"
"LSOL-0111","SUC-18","1","P1","Successes","Fleet Owner","Gameplay","Success tracker","Own first commercial vehicle","Gameplay","FleetOwner","No owned commercial vehicle exists on the test profile.","Purchase the first company commercial vehicle.","Successes row for Fleet Owner changes from LOCK to DONE.","No special gameplay effect beyond the unlock.","Owned-commercial-vehicle count becomes at least 1.","Unlocked state persists after save/load.","Success unlocked: Fleet Owner.","Fleet Owner unlocks.","","Pass if the success unlocks on the first owned commercial vehicle.","No"
"LSOL-0112","SUC-19","1","P1","Successes","Full Garage","Gameplay","Success tracker","Fill an office garage","Gameplay","LateGameEmpire","At least one owned office exists with finite garage capacity and the garage is not yet full.","Acquire and assign enough owned vehicles to fill an office garage to its capacity.","Successes row for Full Garage changes from LOCK to DONE and its progress text reflects garage slots filled before unlock.","No special gameplay effect beyond the unlock.","Best owned garage fill state reaches current capacity.","Unlocked state persists after save/load.","Success unlocked: Full Garage.","Full Garage unlocks.","","Pass if the success unlocks when an owned office garage reaches full capacity.","No"
"LSOL-0113","SUC-20","1","P1","Successes","Company Fleet","Gameplay","Success tracker","Own 10 commercial vehicles","Gameplay","LateGameEmpire","Owned-commercial-vehicle count is below 10 on the test profile.","Purchase owned commercial vehicles until the company owns 10.","Successes row for Company Fleet changes from LOCK to DONE.","No special gameplay effect beyond the unlock.","Owned-commercial-vehicle count reaches 10.","Unlocked state persists after save/load.","Success unlocked: Company Fleet.","Company Fleet unlocks.","","Pass if the success unlocks exactly when 10 owned commercial vehicles exist.","No"
"LSOL-0114","SUC-21","1","P1","Successes","Mechanized Empire","Gameplay","Success tracker","Own diversified fleet roles","Gameplay","LateGameEmpire","Distinct owned fleet roles are below 4 on the test profile.","Purchase owned commercial vehicles covering enough different cargo roles to reach the tracked threshold.","Successes row for Mechanized Empire changes from LOCK to DONE.","No special gameplay effect beyond the unlock.","Distinct owned fleet roles reaches the tracked threshold of 4.","Unlocked state persists after save/load.","Success unlocked: Mechanized Empire.","Mechanized Empire unlocks.","","Pass if the success unlocks when the owned fleet covers the required number of cargo roles.","No"
"LSOL-0115","SUC-22","1","P1","Successes","First Employee","Gameplay","Success tracker","Hire first NPC","Gameplay","NpcCompany","HasEverHiredNpc is false on the test profile.","Hire the first NPC driver contract.","Successes row for First Employee changes from LOCK to DONE.","No special gameplay effect beyond the unlock.","HasEverHiredNpc becomes true.","Unlocked state persists after save/load.","Success unlocked: First Employee.","First Employee unlocks.","","Pass if the success unlocks on the first NPC hire.","No"
"LSOL-0116","SUC-23","1","P1","Successes","Dispatcher","Gameplay","Success tracker","Have 5 active NPCs","Gameplay","LateGameEmpire","Current NPC driver count is below 5 on the test profile.","Create enough NPC contracts to reach 5 active NPCs.","Successes row for Dispatcher changes from LOCK to DONE.","No special gameplay effect beyond the unlock.","Current NPC driver count reaches 5.","Unlocked state persists after save/load.","Success unlocked: Dispatcher.","Dispatcher unlocks.","","Pass if the success unlocks exactly when 5 active NPCs exist.","No"
"LSOL-0117","SUC-24","1","P1","Successes","Logistics Manager","Gameplay","Success tracker","Have multiple active routes","Gameplay","NpcCompany","Current NPC route count is below 3 on the test profile.","Create or modify NPC contracts until at least 3 active routes exist simultaneously.","Successes row for Logistics Manager changes from LOCK to DONE.","No special gameplay effect beyond the unlock.","Current NPC route count reaches 3.","Unlocked state persists after save/load.","Success unlocked: Logistics Manager.","Logistics Manager unlocks.","","Pass if the success unlocks exactly when the active route threshold is reached.","No"
"LSOL-0118","SUC-25","1","P1","Successes","Hands-Off Income","Gameplay","Success tracker","Earn NPC-only income","Gameplay","NpcCompany","CumulativeNpcDeliveryIncome is below $1,000,000 on the test profile.","Allow NPC deliveries to continue until cumulative NPC delivery income reaches $1,000,000.","Successes row for Hands-Off Income changes from LOCK to DONE.","No special gameplay effect beyond the unlock.","CumulativeNpcDeliveryIncome reaches $1,000,000.","Unlocked state persists after save/load.","Success unlocked: Hands-Off Income.","Hands-Off Income unlocks.","","Pass if the success unlocks exactly when NPC-only delivery income reaches the tracked threshold.","No"
"LSOL-0119","SUC-26","1","P1","Successes","Entrepreneur","Gameplay","Success tracker","Own first industry","Gameplay","IndustryOwner","Owned actual-industry count is 0 on the test profile.","Purchase the first actual industry.","Successes row for Entrepreneur changes from LOCK to DONE.","No special gameplay effect beyond the unlock.","Owned actual-industry count becomes at least 1.","Unlocked state persists after save/load.","Success unlocked: Entrepreneur.","Entrepreneur unlocks.","","Pass if the success unlocks on the first actual industry ownership.","No"
"LSOL-0120","SUC-27","1","P1","Successes","Industrialist","Gameplay","Success tracker","Own 5 industries","Gameplay","LateGameEmpire","Owned actual-industry count is below 5 on the test profile.","Purchase actual industries until the owned count reaches 5.","Successes row for Industrialist changes from LOCK to DONE.","No special gameplay effect beyond the unlock.","Owned actual-industry count reaches 5.","Unlocked state persists after save/load.","Success unlocked: Industrialist.","Industrialist unlocks.","","Pass if the success unlocks exactly when 5 actual industries are owned.","No"
"LSOL-0121","SUC-28","1","P1","Successes","Established Industrialist","Gameplay","Success tracker","Own 15 industries","Gameplay","LateGameEmpire","Owned actual-industry count is below 15 on the test profile.","Purchase actual industries until the owned count reaches 15.","Successes row for Established Industrialist changes from LOCK to DONE.","No special gameplay effect beyond the unlock.","Owned actual-industry count reaches 15.","Unlocked state persists after save/load.","Success unlocked: Established Industrialist.","Established Industrialist unlocks.","","Pass if the success unlocks exactly when 15 actual industries are owned.","No"
"LSOL-0122","SUC-29","1","P1","Successes","Industrial Master","Gameplay","Success tracker","Own all purchasable industries","Gameplay","LateGameEmpire","Not all purchasable actual industries are owned on the test profile.","Purchase every remaining purchasable actual industry.","Successes row for Industrial Master changes from LOCK to DONE.","No special gameplay effect beyond the unlock.","Owned actual-industry count equals total purchasable actual-industry count.","Unlocked state persists after save/load.","Success unlocked: Industrial Master.","Industrial Master unlocks.","","Pass if the success unlocks only when every purchasable actual industry is owned.","No"
"LSOL-0123","SUC-30","1","P1","Successes","Vertical Integration","Gameplay","Success tracker","Own producer and consumer in same chain","Gameplay","LateGameEmpire","No owned producer-consumer match exists on the test profile.","Purchase or keep ownership of one producer and one consumer in the same supply chain.","Successes row for Vertical Integration changes from LOCK to DONE.","No special gameplay effect beyond the unlock.","HasOwnedProducerConsumerMatch becomes true.","Unlocked state persists after save/load.","Success unlocked: Vertical Integration.","Vertical Integration unlocks.","","Pass if the success unlocks when the owned site chain satisfies the producer-consumer match rule.","No"
"LSOL-0124","SUC-31","1","P1","Successes","Supply Network","Gameplay","Success tracker","Own industries in 3 districts","Gameplay","LateGameEmpire","Owned-industry district count is below 3 on the test profile.","Purchase industries in additional districts until ownership spans 3 districts.","Successes row for Supply Network changes from LOCK to DONE.","No special gameplay effect beyond the unlock.","Owned-industry district count reaches 3.","Unlocked state persists after save/load.","Success unlocked: Supply Network.","Supply Network unlocks.","","Pass if the success unlocks exactly when owned-industry coverage reaches 3 districts.","No"
"LSOL-0125","SUC-32","1","P1","Successes","Warehouse Master","Gameplay","Success tracker","Buy first warehouse","Gameplay","LateGameEmpire","Owned warehouse count is 0 on the test profile.","Purchase the first warehouse storage site.","Successes row for Warehouse Master changes from LOCK to DONE.","No special gameplay effect beyond the unlock.","Owned warehouse count becomes at least 1.","Unlocked state persists after save/load.","Success unlocked: Warehouse Master.","Warehouse Master unlocks.","","Pass if the success unlocks on first warehouse ownership.","No"
"LSOL-0126","SUC-33","1","P1","Successes","Fuel Baron","Gameplay","Success tracker","Buy first gas station","Gameplay","LateGameEmpire","Owned gas-station count is 0 on the test profile.","Purchase the first gas station.","Successes row for Fuel Baron changes from LOCK to DONE.","No special gameplay effect beyond the unlock.","Owned gas-station count becomes at least 1.","Unlocked state persists after save/load.","Success unlocked: Fuel Baron.","Fuel Baron unlocks.","","Pass if the success unlocks on first gas-station ownership.","No"
"LSOL-0127","SUC-34","1","P1","Successes","Port Authority","Gameplay","Success tracker","Buy Port Terminal","Gameplay","LateGameEmpire","Port Terminal is not owned on the test profile.","Purchase the Port Terminal site.","Successes row for Port Authority changes from LOCK to DONE.","No special gameplay effect beyond the unlock.","OwnsPortTerminal becomes true.","Unlocked state persists after save/load.","Success unlocked: Port Authority.","Port Authority unlocks.","","Pass if the success unlocks only when Port Terminal is owned.","No"
"LSOL-0128","SUC-35","1","P1","Successes","Clean Run","Gameplay","Success tracker","Complete clean delivery","Gameplay","SuccessNearUnlock","TotalSuccessfulCleanDeliveries is 0 on the test profile.","Complete one successful delivery without cargo damage.","Successes row for Clean Run changes from LOCK to DONE.","No special gameplay effect beyond the unlock.","TotalSuccessfulCleanDeliveries becomes 1.","Unlocked state persists after save/load.","Success unlocked: Clean Run.","Clean Run unlocks.","","Pass if the success unlocks on the first clean delivery.","No"
"LSOL-0129","SUC-36","1","P1","Successes","Perfectionist","Gameplay","Success tracker","Complete 25 clean deliveries","Gameplay","SuccessNearUnlock","TotalSuccessfulCleanDeliveries is below 25 on the test profile.","Complete enough successful no-damage deliveries to reach 25 clean deliveries.","Successes row for Perfectionist changes from LOCK to DONE.","No special gameplay effect beyond the unlock.","TotalSuccessfulCleanDeliveries reaches 25.","Unlocked state persists after save/load.","Success unlocked: Perfectionist.","Perfectionist unlocks.","","Pass if the success unlocks exactly at 25 clean deliveries.","No"
"LSOL-0130","SUC-37","1","P1","Successes","Emergency Services","Gameplay","Success tracker","Use services 15 times","Gameplay","SuccessNearUnlock","TotalEmergencyServiceUsages is below 15 on the test profile.","Use valid recovery, refuel, or service systems until the tracker reaches 15 uses.","Successes row for Emergency Services changes from LOCK to DONE.","No special gameplay effect beyond the unlock.","TotalEmergencyServiceUsages reaches 15.","Unlocked state persists after save/load.","Success unlocked: Emergency Services.","Emergency Services unlocks.","","Pass if the success unlocks exactly at 15 tracked emergency-service uses.","No"
"LSOL-0131","SUC-38","1","P1","Successes","Special Contractor","Gameplay","Success tracker","Complete first special mission","Gameplay","MissionReady","TotalSpecialMissionsCompleted is 0 on the test profile.","Complete one special mission successfully.","Successes row for Special Contractor changes from LOCK to DONE.","No special gameplay effect beyond the unlock.","TotalSpecialMissionsCompleted becomes 1.","Unlocked state persists after save/load.","Success unlocked: Special Contractor.","Special Contractor unlocks.","","Pass if the success unlocks on the first completed special mission.","No"
"LSOL-0132","SUC-39","1","P1","Successes","Regular Contractor","Gameplay","Success tracker","Complete 10 special missions","Gameplay","MissionReady","TotalSpecialMissionsCompleted is below 10 on the test profile.","Complete enough special missions to reach 10 total completions.","Successes row for Regular Contractor changes from LOCK to DONE.","No special gameplay effect beyond the unlock.","TotalSpecialMissionsCompleted reaches 10.","Unlocked state persists after save/load.","Success unlocked: Regular Contractor.","Regular Contractor unlocks.","","Pass if the success unlocks exactly at 10 completed special missions.","No"
"LSOL-0133","SUC-40","1","P1","Successes","Expert Contractor","Gameplay","Success tracker","Complete 50 special missions","Gameplay","MissionReady","TotalSpecialMissionsCompleted is below 50 on the test profile.","Complete enough special missions to reach 50 total completions.","Successes row for Expert Contractor changes from LOCK to DONE.","No special gameplay effect beyond the unlock.","TotalSpecialMissionsCompleted reaches 50.","Unlocked state persists after save/load.","Success unlocked: Expert Contractor.","Expert Contractor unlocks.","","Pass if the success unlocks exactly at 50 completed special missions.","No"
"LSOL-0134","SUC-41","1","P1","Successes","Reputation Built","Gameplay","Success tracker","Reach 250 reputation in one district","Gameplay","LateGameEmpire","Best district reputation score is below 250 on the test profile.","Perform deliveries or use prepared progression to raise one district reputation score to at least 250.","Successes row for Reputation Built changes from LOCK to DONE.","No special gameplay effect beyond the unlock.","Best district reputation score reaches 250.","Unlocked state persists after save/load.","Success unlocked: Reputation Built.","Reputation Built unlocks.","","Pass if the success unlocks exactly when one district reaches 250 reputation.","No"
"LSOL-0135","SUC-42","1","P1","Successes","Statewide Operator","Gameplay","Success tracker","Reach 100 reputation in 3 districts","Gameplay","LateGameEmpire","District-count-at-100-reputation is below 3 on the test profile.","Raise district reputation until at least 3 districts are at or above 100 reputation.","Successes row for Statewide Operator changes from LOCK to DONE.","No special gameplay effect beyond the unlock.","District count at 100 reputation reaches 3.","Unlocked state persists after save/load.","Success unlocked: Statewide Operator.","Statewide Operator unlocks.","","Pass if the success unlocks exactly when 3 districts reach the tracked 100-reputation threshold.","No"
"LSOL-0136","SUC-43","1","P1","Successes","Worldwide Operator","Gameplay","Success tracker","Reach dominant reputation in all districts","Gameplay","LateGameEmpire","Not all districts are dominant on the test profile.","Raise district progression until every configured district reaches dominant reputation status.","Successes row for Worldwide Operator changes from LOCK to DONE.","No special gameplay effect beyond the unlock.","Dominant district count equals total district count.","Unlocked state persists after save/load.","Success unlocked: Worldwide Operator.","Worldwide Operator unlocks.","","Pass if the success unlocks only when all districts are dominant.","No"
"LSOL-0137","SUC-44","1","P1","Successes","Solo Grinder","Gameplay","Success tracker","Complete 100 deliveries before hiring any NPC","Gameplay","SuccessNearUnlock","HasEverHiredNpc is false and DeliveriesBeforeFirstNpcHire is below 100 on the test profile.","Complete enough successful deliveries before ever hiring an NPC to reach 100 deliveries before first NPC.","Successes row for Solo Grinder changes from LOCK to DONE.","No special gameplay effect beyond the unlock.","DeliveriesBeforeFirstNpcHire reaches 100 while HasEverHiredNpc remains false.","Unlocked state persists after save/load.","Success unlocked: Solo Grinder.","Solo Grinder unlocks.","","Pass if the success unlocks only when the 100-delivery threshold is met before any NPC hire occurs.","No"
"LSOL-0138","SUC-45","1","P1","Successes","No Debt Needed","Gameplay","Success tracker","Reach $1,000,000 before first loan","Gameplay","SuccessNearUnlock","HasEverTakenLoan is false and HighestCompanyBalanceBeforeFirstLoan is below $1,000,000 on the test profile.","Earn enough money to push HighestCompanyBalanceBeforeFirstLoan to at least $1,000,000 before ever taking a loan.","Successes row for No Debt Needed changes from LOCK to DONE.","No special gameplay effect beyond the unlock.","HighestCompanyBalanceBeforeFirstLoan reaches $1,000,000 while HasEverTakenLoan remains false.","Unlocked state persists after save/load.","Success unlocked: No Debt Needed.","No Debt Needed unlocks.","","Pass if the success unlocks only when the million-dollar balance is reached before any loan disbursement occurs.","No"
"LSOL-0139","SUC-46","1","P1","Successes","Freight Specialist","Gameplay","Success tracker","Deliver 500t of one commodity","Gameplay","SuccessNearUnlock","Best single-commodity tonnage is below 500t on the test profile.","Deliver enough of one specific commodity type to push its tracked tonnage to at least 500t.","Successes row for Freight Specialist changes from LOCK to DONE.","No special gameplay effect beyond the unlock.","Best commodity tonnage reaches 500t.","Unlocked state persists after save/load.","Success unlocked: Freight Specialist.","Freight Specialist unlocks.","","Pass if the success unlocks when one tracked commodity reaches the required tonnage.","No"
"LSOL-0140","SUC-47","1","P1","Successes","Diversified Carrier","Gameplay","Success tracker","Deliver 10 distinct resource types","Gameplay","SuccessNearUnlock","Distinct delivered commodity count is below 10 on the test profile.","Complete successful deliveries across enough different resource types to reach 10 distinct commodities.","Successes row for Diversified Carrier changes from LOCK to DONE.","No special gameplay effect beyond the unlock.","Distinct delivered commodity count reaches 10.","Unlocked state persists after save/load.","Success unlocked: Diversified Carrier.","Diversified Carrier unlocks.","","Pass if the success unlocks exactly when the 10-resource diversity threshold is reached.","No"
"LSOL-0141","SUC-48","1","P1","Successes","LSOL Founder","Gameplay","Success tracker","Own office, apartment, industry, warehouse, and fleet together","Gameplay","LateGameEmpire","Founder requirement count is below 5 on the test profile.","Reach a state where the company simultaneously has an office, apartment, at least one industry, a warehouse, and a working fleet.","Successes row for LSOL Founder changes from LOCK to DONE.","No special gameplay effect beyond the unlock.","Founder requirement count reaches 5.","Unlocked state persists after save/load.","Success unlocked: LSOL Founder.","LSOL Founder unlocks.","","Pass if the success unlocks only when all founder requirements are true at the same time.","No"
"LSOL-0142","SUC-49","1","P1","Successes","Megalomaniac","Gameplay","Success tracker","Unlock four prerequisite successes","Gameplay","LateGameEmpire","At least one of Endless Freight, Self-Made, Worldwide Operator, or Industrial Master is still locked.","Unlock the remaining prerequisite successes until all four are unlocked.","Successes row for Megalomaniac changes from LOCK to DONE.","No special gameplay effect beyond the unlock.","Megalomaniac requirement count reaches 4 unlocked prerequisite successes.","Unlocked state persists after save/load.","Success unlocked: Megalomaniac.","Megalomaniac unlocks.","","Pass if the success unlocks only after all four prerequisite successes are already unlocked.","No"
"LSOL-0143","EDGE-01","1","P2","World Interaction","Out Of Range And Signal Loss","Industry Marker","World > Industry Marker or Industry App","E; Back","Negative","FreshCareer","A site can be approached and then left before interaction or while its tablet is open.","Stand just outside an industry marker and press E; then open a valid industry tablet in range and walk or drive out of range until the signal is lost.","Out of range, no in-range prompt appears and E does not open the tablet; after leaving range from an open tablet, Site / Signal unavailable / Industry Signal Lost appears.","No unintended load or unload action occurs while out of range.","No finance change.","No out-of-range interaction state is saved.","No industry marker in range. or Industry Signal Lost state appears according to path.","No success progress should change from failed or blocked interaction.","Out-of-range interaction must not open stale site data or perform cargo actions.","Pass if industry interaction is correctly gated by range and signal-loss handling.","No"
"LSOL-0144","EDGE-02","1","P2","Gameplay Gates","Permit And Ownership Blocks","Industry or Network","Network > Contractor Permit or Industry page","Purchase Permit; Buy Industry; Load Product; Unload Cargo","Negative","PermitLocked","Licensing system is On and the targeted site still requires its permit or purchase.","Attempt to haul to or from a permit-locked site without buying its permit; attempt purchase on insufficient funds; attempt industry actions on a site still requiring purchase.","Permit or purchase rows remain visible and blocked detail stays on screen instead of silently allowing the action.","No blocked cargo flow or ownership change completes.","No money is charged on blocked actions.","Blocked state persists after save/load until the player actually purchases the permit or site.","Current permit or purchase blocker text remains visible and the action does not complete.","No success progress should advance from blocked site access.","Permit or purchase-gated actions must not bypass current ownership or licensing rules.","Pass if locked or unaffordable site actions fail safely without changing state.","No"
"LSOL-0145","EDGE-03","1","P2","Gameplay Gates","Wrong Cargo And Wrong Destination","Industry Marker","Industry > Unload Cargo or Unload Mode","Unload Truck Cargo; Unload Omega Only","Negative","PermitLocked","Player has cargo that does not match the site or unload mode.","Attempt to unload the wrong commodity at a site that does not accept it; attempt Unload Omega Only when the active tanker does not carry Omega.","Industry pages remain open and no success state is shown for the blocked unload.","No cargo transfer occurs when the destination or mode is invalid.","No delivery payout occurs on blocked unload.","Unchanged cargo state persists after save/load.","Current unload blocker message appears according to the invalid cargo or Omega state.","No delivery or success progress should advance on blocked unload.","Wrong commodity or wrong unload-mode handling must not partially transfer cargo.","Pass if invalid unload attempts leave cargo and site storage unchanged.","No"
"LSOL-0146","EDGE-04","1","P2","Vehicles","Garage Capacity And Reserve Limits","Office Menu","Office > Garage > Vehicle","Move To Reserve; Activate Garage; Retrieve Vehicle","Negative","FleetOwner","Office garage limit is enabled and the active garage is already at capacity.","Attempt to move another reserve vehicle into the active garage when capacity is full; attempt to retrieve a reserve-only vehicle without activating it first.","Garage menus remain stable and do not misreport counts.","No invalid active-garage assignment or retrieval occurs.","No finance change.","Garage counts remain correct after save/load.","Current garage-capacity blocker message appears according to the attempted action.","Full Garage progress should not change on blocked moves.","Garage-capacity rules must not be bypassed by reserve activation or retrieval paths.","Pass if over-capacity garage actions are blocked and counts remain correct.","No"
"LSOL-0147","EDGE-05","1","P2","Properties","Arrears And Suspended Access","Office or Apartment Marker","Office Menu or Apartment Menu","Activate Office; Activate Apartment; Enter Apartment; service rows","Negative","OfficeOwner","An office or apartment has outstanding arrears on a prepared save.","Open the overdue office or apartment menu; attempt actions that require current access before settling arrears.","Menus show Settle Office Arrears or Settle Apartment Arrears and withhold normal active-use actions according to current rules.","Blocked access prevents suspended property systems from being used until arrears are paid.","No unintended finance change beyond any arrears payment actually made.","Arrears state persists after save/load until settled.","Outstanding balance text remains visible and the blocked action does not complete.","Property-access successes should not change from blocked actions.","Suspended access must block current property-use actions until arrears are settled.","Pass if arrears gating works consistently for overdue office or apartment states.","No"
"LSOL-0148","EDGE-06","1","P2","Save System","Invalid Save Names","F7","F7 > Saving Options > Create new save","Create new save","Negative","FreshCareer","Create new save input can be opened.","Open Create new save; submit a blank name; repeat with a duplicate existing save name.","The setup page does not open for invalid input.","No new named save is created.","No finance change.","No extra save file appears in LSOLSaves.","Save creation cancelled.; Enter a valid save name.; A save with that name already exists.","No success progress changes.","Blank or duplicate save names must not create a hidden or partial save slot.","Pass if invalid save names are rejected with the current messages and no file is created.","No"
"LSOL-0149","EDGE-07","1","P2","Successes","Precondition Negative Unlocks","Gameplay","Success tracker negative conditions","Hire NPC; Take loan; complete deliveries","Negative","SuccessNearUnlock","Profiles are staged near the unlock thresholds for Self-Made, No Debt Needed, and Solo Grinder but the disqualifying action has already occurred or will occur first.","Hire an NPC before the million-dollar pre-NPC threshold; take a loan before the million-dollar pre-loan threshold; hire an NPC before reaching 100 deliveries before first NPC; then cross the numeric thresholds.","The affected success rows remain LOCK with progress text but never change to DONE.","No special gameplay effect beyond the continued locked state.","Tracked balances or counts can cross the numeric thresholds without unlocking the disqualified successes.","The locked state persists after save/load.","No success-unlocked toast appears for the disqualified success.","Self-Made, No Debt Needed, or Solo Grinder remain locked after their disqualifying event.","Pre-history-based successes must not unlock retroactively after the disqualifying action has happened.","Pass if each disqualified success stays locked even when its numeric threshold is later reached.","No"
"LSOL-0150","EDGE-08","1","P2","Special Missions","Cancel Or Fail Does Not Count","F8 and Mission Runtime","F8 > Missions or active mission runtime","Cancel Mission; fail objective","Negative","MissionReady","Mission counts are below a success threshold and a mission can be cancelled or failed deliberately.","Accept a mission; cancel it on one run; fail it on another; inspect completion count and mission-related success rows afterward.","Mission board returns to a non-active state without adding a new completion count entry.","Cancelled or failed mission state cleans up without paying out a completion reward.","No mission reward is added on cancel or failure.","Cancelled or failed runs do not persist as completions after save/load.","Cancelled special mission: {Name}. or Mission failed: {Name}. {Detail}.","Special Contractor, Regular Contractor, and Expert Contractor do not advance from cancel or fail outcomes.","Cancel or fail must not increment completion counters or unlock contractor successes.","Pass if mission counts and success progress ignore cancelled or failed runs.","No"
"LSOL-0151","EDGE-09","1","P2","Dispatch","Diagnostics Filter Empty States","F8","F8 > Company > Network > Dispatch Diagnostics","Filter","Edge","LateGameEmpire","Run once with no dispatch diagnostics and once with no failures under the failures-only filter.","Open Dispatch Diagnostics; inspect the All events state; switch Filter to Failures only when there are no failures.","The page shows No diagnostics captured in the all-events empty case and No recent failures in the failures-only empty case.","No gameplay change.","No finance change.","Filter state is a view preference only.","Filter changes do not crash the page and the expected empty-state copy appears.","None.","","Pass if both diagnostics empty states are distinct and correct.","No"
"LSOL-0152","EDGE-10","1","P2","Budget And Analytics","Fresh Save Empty States","F8","F8 > Budget or Analytics","Budget tile; Analytics tile","Edge","FreshCareer","A truly fresh save with little or no tracked finance or telemetry data is active.","Open Budget root and each subpage; open Analytics root and each subpage.","Empty-state pages render No tracked data, No bills queued, No route history, No inventory on hand, No industries tracked, No storage sites tracked, No districts tracked, or No NPC routes active where applicable.","No gameplay change.","No finance change.","Empty-state rendering persists on the fresh save until real data is generated.","All empty-state pages open and back out cleanly.","None.","","Pass if every empty-state surface remains readable and navigable on a fresh save.","No"
"LSOL-0153","EDGE-11","1","P2","Persistence","Complex Mid-State Reload","F7","Named save save-load cycle","Save game; Load save","Persistence","LateGameEmpire","The current save includes active loan, NPC contract, running mission or cooldown state, analytics history, notifications preference, and success progress.","Save during a mixed mid-progression state; change the world; reload the slot; inspect bank, missions, NPC contracts, Budget, Analytics, Successes, and Notifications.","Each inspected page opens with the saved state rather than the post-save modified state.","The mixed mid-state snapshot restores coherently across systems.","Saved balance, loan numbers, payroll state, mission state, and preference state are restored without duplicates.","Complex cross-system metadata persists together on the active save.","Saved {SaveName}.; Loaded save {SaveName}.","Unlocked successes remain unlocked and in-progress values revert to the saved snapshot.","Cross-system save reload must not double-process payroll, loans, or mission rewards.","Pass if the save restores mixed in-progress systems without desynchronization.","No"
"LSOL-0154","DBG-01","1","DEBUG","Debug","F9 Root","F9","F9 > Debug","F9; Close","Debug","LateGameEmpire","The debug menu hotkey is available in the current branch.","Press F9; inspect the root menu; close it.","Debug opens with the current root rows and subtitle ALT + W (Debugger attached) when applicable.","No shipping gameplay change should occur from inspection alone.","No finance change.","None.","Debug root opens and closes cleanly.","None.","Debug-only developer surface.","Pass if the F9 debug root opens and closes without affecting normal save state.","Yes"
"LSOL-0155","DBG-02","1","DEBUG","Debug","Trigger Missions Menu","F9","F9 > Debug > Trigger missions","Trigger missions; Back","Debug","MissionReady","Mission packs are loaded on the current build.","Open F9 > Trigger missions; inspect the mission rows and Back behavior.","Trigger Missions lists loaded mission definitions or No custom missions loaded when empty, then returns to Debug on Back.","No mission starts until a row is activated.","No finance change from inspection alone.","None.","Debug mission list reflects current mission packs.","None.","Debug-only developer surface.","Pass if the debug mission list reflects loaded mission packs and returns to Debug cleanly.","Yes"
"LSOL-0156","DBG-03","1","DEBUG","Debug","Add Money","F9","F9 > Debug","Money amount; Add money","Debug","LateGameEmpire","Debug menu is open.","Change the Money amount selector; activate Add money.","Money amount selector updates and Add money can be activated.","Company balance increases by the selected debug amount.","Balance increases by the exact selected debug value.","If saved, the new balance persists like any other balance change.","Added {Amount}. Balance is now {Balance}.","Money-based success progress may advance if a threshold is crossed.","Debug-only developer surface.","Pass if Add money applies the selected amount exactly once.","Yes"
"LSOL-0157","DBG-04","1","DEBUG","Debug","District Reputation Adjust","F9","F9 > Debug","District; Reputation amount; Increase district reputation; Decrease district reputation","Debug","LateGameEmpire","Debug menu is open and district data exists.","Cycle District; cycle District reputation amount; activate Increase district reputation; repeat with Decrease district reputation.","District and amount selectors update correctly.","Territory debug offsets change the selected district reputation view state.","No finance change.","Debug district offset is not a shipping-player persistence path.","District debug feedback appears according to the applied direction and amount.","Reputation-based success progress may change if the new district score crosses a tracker threshold.","Debug-only developer surface.","Pass if the selected district reputation changes by the chosen debug amount in each direction.","Yes"
"LSOL-0158","DBG-05","1","DEBUG","Debug","Apply District State To All","F9","F9 > Debug","District state; Apply district state to all","Debug","LateGameEmpire","Debug menu is open and district data exists.","Cycle District state; activate Apply district state to all.","District state selector updates correctly.","All districts move to the chosen debug state by recalculated debug offsets.","No finance change.","Debug district-state forcing is not a shipping-player persistence path.","Current district-state debug feedback appears after application.","Reputation-based success progress may change if the forced state changes tracker conditions.","Debug-only developer surface.","Pass if all districts reflect the selected forced debug state after activation.","Yes"
"LSOL-0159","DBG-06","1","DEBUG","Debug","Add Selected Resource","F9","F9 > Debug","Industry; Resource; Amount; Add selected resource","Debug","LateGameEmpire","Player is near a target industry and Debug is open.","Cycle the nearby Industry target, Resource, and Amount; activate Add selected resource.","Industry, resource, and amount selectors update correctly.","The selected nearby industry input or output stock increases by the selected tonnage.","No finance change.","Debug-added stock persists only if the resulting world state is saved like any other industry state.","Added {Tons}t {Resource} to {Industry}.","Commodity and production-related success progress should not change until real hauling occurs.","Debug-only developer surface.","Pass if the selected industry stock increases by the chosen debug tonnage.","Yes"
"LSOL-0160","DBG-07","1","DEBUG","Debug","Delete Vehicle And Cargo","F9","F9 > Debug","Delete vehicle cargo; Delete current vehicle","Debug","LateGameEmpire","Player is in or near a cargo vehicle and Debug is open.","Activate Delete vehicle cargo; then on a separate run activate Delete current vehicle.","Debug root remains open and usable after each action.","Cargo is cleared from the resolved vehicle or the current vehicle and trailer are deleted.","No finance change unless later gameplay reacts to the deleted asset.","Deleted runtime state persists only if the changed world state is saved.","Vehicle-cargo and vehicle-deletion status text appears according to the current target.","No success should unlock from pure debug deletion.","Debug-only developer surface.","Pass if cargo and vehicle deletion work on the current debug targets without crashing the session.","Yes"
"LSOL-0161","DBG-08","1","DEBUG","Debug","Fill Empty Buffers And Boost Production","F9","F9 > Debug","Fill all inputs; Empty all inputs; Fill all outputs; Empty all outputs; Boost production x1000","Debug","LateGameEmpire","Player is near a target industry and Debug is open.","Activate each current nearby-industry stock action once; then activate Boost production x1000.","Debug root remains open and usable after each action.","Nearby industry inputs or outputs fill or empty according to the chosen action and production rate increases by the debug multiplier.","No finance change from the debug actions themselves.","Debug-edited industry state persists only if the changed world state is saved.","Fill and empty status text appears for inputs and outputs; production boost status appears for the selected industry.","Production-related success progress should not change until real gameplay uses the new state.","Debug-only developer surface.","Pass if each debug stock action and the production boost modify the nearby industry exactly once without breaking the menu.","Yes"
